date,d13C_median,d13C_mean,d13C_q25,d13C_q75,d13C_std,dD_median,dD_mean,dD_q25,dD_q75,dD_std
1998-01-01,-25.82071143186979,-25.80045229745994,-28.233876975989453,-23.270905306997513,3.5925551991176423,-213.98360248983258,-213.91505782440677,-229.69873360138627,-198.47173246234706,22.973898586248943
1998-02-01,-25.767001123482025,-25.7904197548682,-28.18099300562508,-23.336359686149194,3.5748191261792712,-214.1473291630209,-214.0475799970896,-229.901415025514,-198.56329052016164,22.78208813004515
1998-03-01,-25.73943262459469,-25.761051139297702,-28.238859100418637,-23.264719417752197,3.6125035658880447,-213.73132822842868,-213.79153456588193,-229.81188566256682,-198.0868664073086,23.054615077264845
1998-04-01,-25.887801247741994,-25.828415820218964,-28.301401350729577,-23.358920061631466,3.6014950076516765,-213.63136796370483,-213.60987714348556,-229.23741318391345,-198.1881473624411,22.838686611825267
1998-05-01,-25.822537102478808,-25.788715968420043,-28.165521397869174,-23.35921736911298,3.577082825351821,-213.93990474891848,-213.70364128568457,-229.21237235810892,-198.07245465048575,22.9686826698954
1998-06-01,-25.775585333541414,-25.757814650695188,-28.173377564466847,-23.364591976819472,3.551512043867427,-214.50034447358064,-214.21680470590925,-229.92736587170808,-198.8976730749337,22.970497264090334
1998-07-01,-25.80279079814139,-25.816387146471993,-28.229843426003946,-23.413181636603454,3.5444978657024944,-213.9006306600597,-213.97527857942862,-229.892037761332,-198.4984968022901,23.27077684327689
1998-08-01,-25.92955055311063,-25.888475326757863,-28.328911973409824,-23.460780186198257,3.605070303259424,-213.8768102758476,-213.75000182172187,-229.4260264590009,-197.91002544800344,23.178134380601545
1998-09-01,-25.83108261634113,-25.87310661866406,-28.327592157524627,-23.41565861754,3.6061121786041017,-214.2123973692996,-214.1864911996725,-229.46321952341884,-198.53499671719428,22.91762746410557
1998-10-01,-25.785326398869266,-25.812098379370234,-28.216280684197034,-23.425601021388232,3.5420615085712064,-214.27919471612853,-214.23527440154626,-229.53136677997875,-199.1447832440386,22.69242621649048
1998-11-01,-25.80999505936994,-25.822401295244852,-28.265784545376498,-23.420580308169512,3.5442947540811183,-214.1697040510482,-214.27368646462048,-230.01845392255643,-198.50899669508195,22.75979209047268
1998-12-01,-25.86360394654072,-25.862497334532453,-28.326302309473103,-23.415553742974314,3.564880514999998,-214.43773212174486,-214.3357043596721,-229.82708110924423,-198.81411214028014,22.93983480108213
1999-01-01,-25.76516694216258,-25.797694197468033,-28.220912567138978,-23.362702800966737,3.555910674499512,-213.27641037283954,-213.613783935316,-229.07939919170394,-198.05778085014578,23.014525892362187
1999-02-01,-25.744958800118173,-25.71905061622034,-28.167897983264435,-23.247669265653627,3.5669304248115243,-213.7550627295342,-214.0971055675477,-229.49691727215927,-198.4171580323702,22.79890836097263
1999-03-01,-25.820369643914262,-25.81937276275202,-28.293732283298617,-23.369196922619988,3.5813654005401028,-214.24963285516623,-214.37910536660218,-229.66346502557332,-199.00877044820368,23.048741900816843
1999-04-01,-25.768545786009994,-25.797075851208774,-28.215756287021247,-23.379274332076044,3.591677009619667,-213.70833948530756,-213.97793868139385,-229.31069789375533,-198.53377775664487,23.10113868716585
1999-05-01,-25.84013254184506,-25.849636197090646,-28.222621761302634,-23.429448698487185,3.5769240866588596,-213.67411524835293,-213.67443906263128,-229.11133257247002,-198.43392339255297,22.77277550420965
1999-06-01,-25.8663480395387,-25.844990498348828,-28.31498191144694,-23.35842349397483,3.61859363854195,-214.10848943307437,-213.95691026029448,-229.77448516789966,-198.24425897216113,23.192861653185876
1999-07-01,-25.774111763153563,-25.824367769758712,-28.276984024345936,-23.35005003724917,3.6181215785896157,-214.02587865666607,-214.01014712978778,-229.52510185387325,-198.564788362261,22.85135919326529
1999-08-01,-25.804483557096326,-25.827180621835083,-28.270227912149263,-23.371456064509218,3.5692421007998214,-213.72990359149904,-213.89637010839218,-229.58739962011077,-198.19610493156893,22.877406163676547
1999-09-01,-25.819720432073886,-25.816560587797216,-28.275133101314594,-23.397747942743155,3.60745646477678,-214.29601193196243,-214.34858784024306,-229.81855161153447,-198.76214787619227,22.89287798547289
1999-10-01,-25.790843891730333,-25.832928017614197,-28.21946762807221,-23.43400289345416,3.582704964451323,-213.91663886682642,-213.83967733157118,-229.4686808378503,-197.8976148227699,22.89196141034262
1999-11-01,-25.823895555432973,-25.825888258323452,-28.283764151701035,-23.410116876440306,3.596194327638756,-213.56746378408027,-213.8809734957323,-229.505589646811,-198.48143252005372,22.826970990494292
1999-12-01,-25.760102792862057,-25.810466467472445,-28.219285391573486,-23.36268230802823,3.576322221957882,-214.00346692917054,-213.7254946069746,-229.31628070390542,-198.03732520262696,22.820224888519302
2000-01-01,-25.84935756167224,-25.807377764547926,-28.22691999415612,-23.376059923107952,3.5847564546305133,-213.89673574513972,-213.85207620559098,-229.63611824830542,-198.09441287786382,22.99419576713625
2000-02-01,-25.781465546258914,-25.762868684671957,-28.20024494239489,-23.310162195417238,3.6104826439276825,-214.06363886582687,-214.1813531246656,-229.5961542636462,-198.79245812841194,22.803386342390823
2000-03-01,-25.793749113241518,-25.82498973579318,-28.224847121862695,-23.429203315098643,3.579417118056093,-214.0647684277113,-214.2620225676628,-230.04923895567836,-198.9259402190564,23.1545031980689
2000-04-01,-25.894326362956402,-25.916533621376335,-28.360623780033517,-23.452807546264186,3.6148473816376927,-213.5666919541861,-213.57973959167623,-229.26729454138825,-197.78572636628573,23.18339110750948
2000-05-01,-25.846306705667807,-25.822443952471616,-28.259833269399596,-23.391955823240544,3.5404076109928044,-214.00317289373018,-213.88440860681524,-229.31225580710796,-198.56990955271465,22.788736770005446
2000-06-01,-25.866690138544033,-25.82292577407371,-28.209366321586895,-23.446357825059316,3.5546697397577844,-213.88079211876732,-213.80290121124548,-229.50313415486835,-198.16536938827068,23.192900218212547
2000-07-01,-25.769420668895343,-25.768736641457153,-28.18380112069364,-23.297424532909464,3.5860009947673386,-214.18274218908357,-213.7303962892722,-229.5318519284338,-197.81411055159256,23.248166081649384
2000-08-01,-25.820448684782413,-25.831377836851317,-28.2667575910965,-23.370237323407913,3.5802751895630154,-214.37353905745326,-214.2109671556161,-229.1985945683661,-199.18083447461356,22.471780084371318
2000-09-01,-25.758646884363642,-25.764514818646433,-28.148186573817572,-23.335752514749146,3.565805356311757,-214.35945901975336,-214.22505237866537,-229.82369853819796,-198.6342043827373,22.733309790952394
2000-10-01,-25.786982279888733,-25.809208153438533,-28.211377588502312,-23.44746153566615,3.5601812127084886,-213.79151135159876,-214.0664152289342,-229.78738110216622,-198.1881215358019,23.007423866673033
2000-11-01,-25.83241323779922,-25.829845244736532,-28.268299974454212,-23.41486690105665,3.5613793633202286,-213.81998000409135,-214.0488239096216,-229.815387484079,-198.4256929659558,22.955149886224373
2000-12-01,-25.783645308850843,-25.752109442536092,-28.13720205191009,-23.349549540788853,3.5334414036231028,-213.9903915159586,-213.91222978597287,-229.31839385941197,-198.13565184051185,22.953409424977504
2001-01-01,-25.8198201451509,-25.78429079482458,-28.26528266857524,-23.327156453477052,3.5949921999697207,-213.8045261697651,-213.99985479177647,-229.51220018301356,-198.6884078827547,22.739112031297026
2001-02-01,-25.824063162631482,-25.805986389476942,-28.26446614182087,-23.30186830625659,3.5781146044994143,-213.9363603768387,-213.9088024996289,-229.63967077774868,-198.3101998023227,22.890013107493644
2001-03-01,-25.8071834680665,-25.77404190753141,-28.222980938574853,-23.29820154488525,3.5813862356063524,-214.1947750950148,-213.94981539314068,-229.70180886270947,-198.29973227629978,22.96918613642948
2001-04-01,-25.779921506406488,-25.82861281093974,-28.295716365049415,-23.43748350622207,3.5433154734775916,-213.43219486914114,-213.33440851730123,-228.88752169399774,-197.85855737191267,22.848234401589462
2001-05-01,-25.835687783716814,-25.841467412001332,-28.25901337193128,-23.428624716682013,3.552857272500741,-214.4657563228472,-214.14492099886397,-229.97212794870435,-198.11888775673432,22.974935520475935
2001-06-01,-25.768995967339077,-25.78571053718692,-28.175630999217567,-23.33778777189027,3.584090850272918,-214.19492145501613,-214.12853872086083,-229.45762916171043,-198.75361959769828,22.62373997693364
2001-07-01,-25.738760850382626,-25.7395014086443,-28.186962660281836,-23.30629108993713,3.5752671688096562,-214.23814616042208,-214.23985477017956,-229.7016449212917,-198.67311972554327,22.636046844381987
2001-08-01,-25.859460466631088,-25.855020576511464,-28.313616675684955,-23.37342055352498,3.5785216975268943,-213.66600120876794,-213.67562199612678,-229.49496282384075,-198.3541939079256,22.70169150226744
2001-09-01,-25.85997319819937,-25.840740259889653,-28.234498345702427,-23.433600329987257,3.55469189636354,-214.76655428863728,-214.41988043746017,-229.70811804722223,-198.92987417596842,22.631802129345804
2001-10-01,-25.80091052002912,-25.799207677082737,-28.20149883139471,-23.392998307097074,3.5692051986010105,-213.80098648071234,-214.02163921160084,-229.67023431079352,-198.50178032666477,22.935038925616784
2001-11-01,-25.85106802826771,-25.841984226000754,-28.302732710910433,-23.414686431343778,3.5449718986615597,-213.93684649783046,-214.02739292474692,-229.82271307407908,-198.73511497659894,23.039139649533528
2001-12-01,-25.76688713231983,-25.782830122824986,-28.216505068049532,-23.313448255925323,3.5836897511021095,-214.16787213571553,-213.75609467410055,-229.37333953272594,-197.9600164499571,22.922257299108256
2002-01-01,-25.758194535920033,-25.79560950526169,-28.24347388352445,-23.381965297423868,3.585655921836818,-213.56987553671604,-213.5413495551537,-228.82979910411785,-198.19667543365227,22.58717393743712
2002-02-01,-25.879903387691364,-25.86627841544337,-28.294694466861884,-23.47943922589174,3.557471160753889,-213.60567129082733,-213.5826077799275,-229.61816128062003,-197.7431255155422,23.226617325060666
2002-03-01,-25.846215197044202,-25.82358280555208,-28.3031833099233,-23.334305188137208,3.621523567176337,-214.10158621224153,-213.9870762886204,-229.61361760592771,-198.72234183359944,22.63245163594864
2002-04-01,-25.803445550985927,-25.76522229499258,-28.26730081621155,-23.3469901521771,3.5966957400891335,-213.6844076173362,-213.63948203369998,-229.48579640896997,-197.97673574961584,22.928187405482156
2002-05-01,-25.834440384628593,-25.810206478839085,-28.250030906885158,-23.37177416337498,3.5758241511908846,-213.76861552527964,-213.6717195024305,-229.1166979432495,-198.28869588533473,22.874234508151506
2002-06-01,-25.764944938469085,-25.795554753185616,-28.17683522715265,-23.39573542672394,3.5233858675839747,-213.41073056354352,-213.5751442726567,-229.3572674456257,-197.87026829302755,22.907221841922095
2002-07-01,-25.830559973478046,-25.828146365330515,-28.24763321969905,-23.41819916338641,3.5743874376072364,-214.13995831395522,-214.0279880814449,-229.21538145851275,-198.33225973388454,22.709488882284408
2002-08-01,-25.8585143303304,-25.89173202401971,-28.334838780660686,-23.440284078673848,3.6193992040542553,-214.12345060617434,-214.22906429564665,-229.76519600435336,-198.81627762445305,23.014329808224776
2002-09-01,-25.875887221207083,-25.82888576910075,-28.212968394030497,-23.415514477908907,3.5569186259515306,-213.65690707257187,-213.45227074048867,-229.19461559545834,-197.70424291068935,23.12200723447324
2002-10-01,-25.834708523488384,-25.836400671884814,-28.272428832627117,-23.393338105944267,3.618406444582098,-213.7840162824951,-213.573205047698,-229.25222355771817,-197.759567785326,22.927683171110676
2002-11-01,-25.838374073789595,-25.830379114666528,-28.246759013087985,-23.389812081223415,3.576106904801432,-213.91775202093334,-213.77282141663278,-229.61024533323692,-197.9794935113131,23.10191855704601
2002-12-01,-25.820807938993468,-25.80825341401505,-28.186913379963606,-23.433354725721472,3.5530326743343243,-213.66819267905151,-213.80783305894207,-229.51689636235304,-197.88332163172208,23.17464169350378
2003-01-01,-25.776305718801993,-25.786164985653397,-28.23167727709471,-23.33707024615885,3.573115553209027,-213.75423070303762,-213.8259022479083,-228.94879793424843,-198.32408684569882,22.670364859455816
2003-02-01,-25.78195806679123,-25.76970948377131,-28.22931798371116,-23.34422447592094,3.5721188830752637,-213.9603076764709,-213.81355175544564,-229.01641849960717,-198.40482230489005,22.645551642879628
2003-03-01,-25.89169026990053,-25.85511110674494,-28.239985990359784,-23.484221493693894,3.548425067047678,-213.78808900971222,-213.91072584984144,-229.31891783091245,-198.23310694306704,23.101981347137407
2003-04-01,-25.838458334254366,-25.833818952443032,-28.309676397723585,-23.28779078852968,3.5976525537736306,-213.45438953744528,-213.59107178834142,-228.7768070538917,-198.01777475442213,23.01947399609943
2003-05-01,-25.869948090318275,-25.867362639494775,-28.33649448863571,-23.436716752029316,3.5864790201202874,-214.2150488989483,-214.22813308324749,-229.54656820190422,-199.32072153164222,22.819236078544222
2003-06-01,-25.886826128915963,-25.84552918858462,-28.277073630353208,-23.415250034202593,3.590449886306511,-213.8961636576696,-213.84906947029447,-229.42936565490962,-198.17980667752823,23.115448432275432
2003-07-01,-25.803625814011852,-25.83295025943927,-28.267332772287276,-23.3490911991926,3.5911147419657587,-213.5983843288211,-213.77227640757667,-229.3314755503728,-198.54716525105943,22.90481774407737
2003-08-01,-25.824483624072073,-25.788067317965986,-28.18460514113827,-23.32600485981775,3.58161652010307,-213.97529508646318,-213.93545630628998,-228.95631704301474,-198.90154153778326,22.383826604822058
2003-09-01,-25.733570257776506,-25.75157159631673,-28.175589445408754,-23.354813507413393,3.5276465778138992,-213.85852428569382,-214.16763194638878,-229.68520984864895,-198.82673517345964,22.849803718451273
2003-10-01,-25.83796434145686,-25.806015070843863,-28.22487088162451,-23.369774741284587,3.5462658837377607,-214.19655168935157,-214.38132759671475,-230.1368717916612,-198.76939183923793,22.700051024703644
2003-11-01,-25.847513246156822,-25.838402267595367,-28.31286229326428,-23.370320522044274,3.585792468787377,-213.66927657134335,-213.59157249867692,-229.41699211957138,-197.63097502364351,23.067375065790817
2003-12-01,-25.677181466519677,-25.707182373951223,-28.080380593387336,-23.332216067461697,3.512790824443833,-214.5278918173143,-214.13329188349655,-229.60393866158842,-198.3858054524258,22.67220076314965
2004-01-01,-25.82957084894581,-25.823820493943604,-28.203891790082196,-23.384333143324476,3.543256097356613,-214.2827493050745,-214.11820015071686,-229.79147193043235,-198.37387273583803,22.870943309007735
2004-02-01,-25.83135935089694,-25.827176066754713,-28.245836769307044,-23.400976600053145,3.556325498679706,-213.78116019700371,-213.92563660626374,-229.53140293823276,-198.50156988987112,22.775594019076742
2004-03-01,-25.86987593952601,-25.82519402470504,-28.2972765362493,-23.318453211869315,3.574358891430328,-213.8808573965041,-213.9794087744446,-229.64223240966314,-198.54209368206784,22.927411745372094
2004-04-01,-25.838748166894035,-25.836762311907805,-28.21957245311581,-23.443865973687014,3.5428566246047937,-215.19363048411265,-214.66570509957023,-230.14223116990792,-198.9705324081702,22.99162717430886
2004-05-01,-25.76530432153597,-25.768048779523486,-28.18317126638486,-23.33840593849657,3.5597164817383398,-214.06765400262546,-213.9470416057637,-229.37319529628923,-198.36128151188817,22.744652314748492
2004-06-01,-25.80446578783286,-25.811579525805275,-28.313273858957704,-23.368566096403097,3.5717088680154125,-213.84101072170773,-214.04304566938626,-229.28177854464454,-198.3591691864299,22.845131680171832
2004-07-01,-25.83801894736245,-25.8310274878329,-28.27939078356099,-23.427147529126756,3.564485836002423,-213.81276364545477,-213.86132107311505,-229.0567163764621,-198.15455757284465,22.73919949463656
2004-08-01,-25.736701212026958,-25.760559620613286,-28.199212973025187,-23.335416434495983,3.5620568911886386,-214.3725998768627,-214.31595661860328,-230.24267557699562,-198.73977552328992,23.11151699004297
2004-09-01,-25.73670109476209,-25.77057475009694,-28.176343316506617,-23.36027766185283,3.5474823860858775,-213.9057943899778,-214.1269079416389,-229.53134401087854,-198.68218004167983,22.75639042632088
2004-10-01,-25.794723828205715,-25.804035296569886,-28.252133187500345,-23.390128382277588,3.544041211766113,-213.64702598933962,-213.67314082128172,-229.07032705088653,-198.39835872655132,22.63720096086685
2004-11-01,-25.757640561613712,-25.785943690717513,-28.149721064566307,-23.363121599344037,3.559237039248671,-214.46104008626003,-214.33349071592414,-229.91233962481513,-198.7751716092681,22.866635146826695
2004-12-01,-25.79136261709646,-25.796922566963083,-28.16528492275632,-23.44320212964661,3.5140543946338183,-213.80851141864446,-214.0575026800568,-229.6850326712697,-198.69390184427934,22.765658369012172
2005-01-01,-25.719832138726687,-25.743754762976362,-28.15010957786988,-23.320779173115426,3.5525048032919493,-214.23113633097626,-214.20886665563773,-229.47768749442866,-198.7648796611263,22.736110715402415
2005-02-01,-25.82320274578287,-25.8501537098595,-28.278630816172765,-23.379449407310684,3.5818551187703878,-214.31147153088722,-214.07725913602198,-229.58437575797046,-198.57800539092338,22.724376743929003
2005-03-01,-25.71957208339168,-25.807223955996957,-28.247771833131864,-23.427960687040812,3.5597834784552917,-213.66594681623172,-214.28094074961572,-230.14866599847227,-198.67957597336888,22.91986803885702
2005-04-01,-25.76995615455686,-25.793982095886495,-28.17559875267192,-23.444203627506504,3.52619524852864,-214.0706944127525,-213.89446944276267,-229.29155577009706,-198.50120777959893,22.82113923040051
2005-05-01,-25.806555623400726,-25.784506609645533,-28.177516898597023,-23.399819435355575,3.5249031769332624,-214.5201413586836,-214.50852053675288,-229.92081588450156,-199.1127572789089,22.733852850330017
2005-06-01,-25.901561990161632,-25.871833541423566,-28.330596696547147,-23.474154737079047,3.5774673568149242,-213.90024470555255,-213.87260693391374,-229.4523245576438,-198.45687897059463,22.768671640212396
2005-07-01,-25.658814078476098,-25.744363081534328,-28.20532187033777,-23.225220795890145,3.57258212562759,-213.9407348866309,-214.12820716137384,-229.71481924145203,-198.5341861388997,22.62102493349524
2005-08-01,-25.795250449881614,-25.76052337095211,-28.143318207029328,-23.362506033073128,3.5279508475977632,-213.6307697897326,-213.6217376855701,-229.28238324302052,-198.11331921135775,22.86374855321635
2005-09-01,-25.766027116363958,-25.805186447630337,-28.25541178975179,-23.335492492442565,3.5914268497790425,-214.33936315196144,-214.28844437739193,-229.60114710022685,-198.8243435516426,22.729109743483956
2005-10-01,-25.827290409690505,-25.820937116817134,-28.257113042500976,-23.35253417779227,3.5474629236638844,-213.70054016423595,-213.7614085887407,-229.61117850991786,-198.1941734897179,22.90541636752269
2005-11-01,-25.7689945319186,-25.753830331031278,-28.19576011328941,-23.289321205900468,3.560547026580008,-214.2872481069963,-214.09520790791836,-229.50759258013312,-198.50123631571063,22.648972425579768
2005-12-01,-25.739971602170918,-25.752556069873833,-28.091160797273012,-23.399407501417247,3.493776809438591,-214.34875117785205,-214.32451741453008,-229.91586592608047,-198.8391478705639,22.613434511749585
2006-01-01,-25.847324781384415,-25.87152497719354,-28.358054045561293,-23.448334509150918,3.603811387058348,-213.87635412211444,-214.01598881627015,-229.60985919960413,-198.28976255623382,22.756544460312902
2006-02-01,-25.81348215039479,-25.796830994498887,-28.22596813698888,-23.383439153720396,3.5522334031915985,-214.32805326967258,-213.90680150455586,-229.3474103309196,-198.72402274275615,22.636512087013486
2006-03-01,-25.74802704358033,-25.75388100911661,-28.162085168409774,-23.337527004683885,3.505436756303698,-213.31460634707344,-213.58847122326438,-228.82387138428587,-198.6308625841424,22.464214068337817
2006-04-01,-25.767975163704076,-25.72807865824477,-28.136624064504726,-23.313312578692024,3.5203909740585786,-214.3342088824926,-214.47549435669168,-229.96371628095054,-199.11998068320375,22.8533699203916
2006-05-01,-25.87592334910852,-25.817961846846437,-28.2729149306603,-23.381038843967392,3.59054490529224,-213.5556626754817,-213.88178339459327,-229.27142866752507,-198.06460394955263,23.09590716406499
2006-06-01,-25.774609229157086,-25.79158146136335,-28.256586135898168,-23.353566665552872,3.5602242639589097,-214.06266152990264,-214.09228260721247,-229.19686022376737,-198.8707380596873,22.489626200706944
2006-07-01,-25.80285023805211,-25.79594233879575,-28.237262827991113,-23.355087916227212,3.577437134812271,-213.7580172738319,-213.98368805823853,-229.60868477506108,-198.31189273485325,22.86364861034114
2006-08-01,-25.81328163433275,-25.767905067585843,-28.229729065218496,-23.309217110784477,3.587708058701262,-213.40371791259906,-213.5002196588098,-228.88348756212483,-198.1100839373504,22.643213451861673
2006-09-01,-25.78304525677771,-25.79911718365237,-28.244348284726748,-23.375793186673416,3.578120498884724,-214.3091323909445,-214.007144994657,-229.3433849117862,-198.49177206574808,22.79489328493853
2006-10-01,-25.793296995293186,-25.80053829584597,-28.262155805324483,-23.340604681094156,3.624836781863118,-213.99201342449192,-214.0972602197871,-229.70496441169735,-198.30319774278362,22.984663321505042
2006-11-01,-25.751158563960338,-25.79579107542496,-28.211052312836394,-23.415037516808038,3.5542434743911038,-213.57203571366122,-213.65862937724302,-228.8506403117189,-198.32664449245635,22.962742137153434
2006-12-01,-25.820173893490683,-25.831207694234035,-28.15881758139298,-23.463872456069687,3.5112041158220575,-214.32851855381185,-214.4918485599752,-230.08962546943658,-199.11657859314994,22.79213852604223
2007-01-01,-25.86783385742097,-25.831759308331733,-28.209599817141047,-23.42918021782328,3.542563645744906,-214.41116759152206,-214.32928222620674,-230.09460355035847,-198.44386536262977,22.841854505863708
2007-02-01,-25.762136714167966,-25.79746065863079,-28.121397732471596,-23.412694276622943,3.5175033947368526,-213.67507348258917,-213.83102507830947,-229.44496559547326,-198.11618246366965,22.844492037241533
2007-03-01,-25.86331551773629,-25.849080434960413,-28.31759865752826,-23.381138835116758,3.591499230923415,-213.86055475797775,-213.74777444575102,-229.08401585723155,-197.95909245608513,22.778435266930888
2007-04-01,-25.765286124815923,-25.759989084071247,-28.18474186832851,-23.27417597772268,3.5752347454249906,-213.95023979704956,-213.79296391927173,-229.01135912814019,-198.60142218590715,22.767999385369762
2007-05-01,-25.814264394553724,-25.81960432688969,-28.251403740201788,-23.364665824401023,3.570792576452039,-213.80829648270685,-213.9835144217256,-229.5034540899531,-198.75040440261688,22.507076894196363
2007-06-01,-25.761837683983956,-25.788107261307786,-28.17901508250113,-23.449907744339864,3.4996651617498644,-213.68106555527393,-213.68986154023557,-229.62327641943986,-197.94574457564485,23.07149694514003
2007-07-01,-25.812992552389964,-25.800513450884296,-28.199972204777108,-23.37097597196302,3.532070735496117,-213.88762555967864,-213.91264252411543,-229.3585455875145,-198.4181122364627,22.680885335394265
2007-08-01,-25.800593339055723,-25.8270818581207,-28.227043054851265,-23.399371640749184,3.5431090441812643,-214.05617634031887,-214.18647381542254,-229.56767610506265,-198.71112168722303,22.753344141170725
2007-09-01,-25.832013681085783,-25.83937950213527,-28.315096287451745,-23.40883901891767,3.576405389664259,-214.03627286069866,-214.00246518485602,-229.04257121416043,-198.6082611519364,22.684679706544912
2007-10-01,-25.849749776505167,-25.858050026940415,-28.263424621648994,-23.444224564962937,3.540316232219376,-214.25730746562826,-214.18362763919797,-229.3082971002644,-198.53348608418102,22.622291173891288
2007-11-01,-25.69054239667259,-25.72808398421103,-28.115555683210573,-23.348641872557025,3.532866801374381,-213.88786221745698,-213.80882953863642,-228.8936074049844,-198.5325305904462,22.559372531258347
2007-12-01,-25.878740572285004,-25.85602022074227,-28.304798839415003,-23.421629286773058,3.5354061027677877,-213.80078783137654,-213.89266944539332,-229.24992555691688,-198.4367655431911,22.568115835016304
2008-01-01,-25.799804265096245,-25.78869733674842,-28.204821966853814,-23.402084820827014,3.538624183674864,-214.17302245695504,-214.3040581086604,-229.6984857908203,-199.07056111814268,22.71338592358853
2008-02-01,-25.749248210093526,-25.767864083569968,-28.186145123285055,-23.359909605779876,3.5306484463923127,-213.80434729581617,-214.18025785492253,-229.8940599949867,-198.67331994990946,22.602763332672076
2008-03-01,-25.832745689532103,-25.792353375362886,-28.190943296911648,-23.39491896516225,3.5488605652467586,-214.4181360682157,-214.14606313126768,-229.68707256897503,-198.87310456768,22.765420766342658
2008-04-01,-25.778329071026114,-25.76269645863485,-28.16812516316288,-23.28684348509477,3.55329363371662,-214.14306165445922,-214.283074221149,-230.14169847282665,-198.73455431446965,22.914615690878406
2008-05-01,-25.735296208133533,-25.752480183539628,-28.14694055467524,-23.343254317381028,3.528091119257912,-213.82954594514678,-214.09358517516003,-229.62888626554505,-198.68511196901332,22.802733714125242
2008-06-01,-25.761173640141244,-25.75827013278892,-28.13745573940287,-23.379904674771993,3.506738232305348,-213.97715944473657,-214.10763162013623,-229.6060711863452,-198.681258634063,22.706851406476734
2008-07-01,-25.768627726140775,-25.760334073497628,-28.165898539155663,-23.322082489491546,3.5406226241159664,-214.09214753667783,-213.91752336361156,-228.8908401809005,-198.99877527304415,22.448988041627352
2008-08-01,-25.709617433631717,-25.731266001334678,-28.202613239752154,-23.341314272318442,3.551952275527235,-214.06458492626314,-213.9768557175409,-229.0190740629588,-198.47763656543606,22.70993709327054
2008-09-01,-25.827195410249928,-25.854057930798263,-28.245630842354583,-23.460955051690505,3.5328669420473253,-214.17665272992338,-214.3366193935372,-229.83033135929912,-198.73485705772893,22.56163365607359
2008-10-01,-25.795021123422295,-25.78708099273796,-28.220203054844198,-23.410593304257667,3.549091597068261,-214.17490038350493,-214.09464443527943,-229.5691108849533,-198.66423373060502,22.825516227455036
2008-11-01,-25.728654954121588,-25.719971791738043,-28.085864569506313,-23.371418553950672,3.508749503121177,-214.30433927237166,-214.27370902109598,-230.0104108590952,-198.6975853420431,22.76094702492733
2008-12-01,-25.7904164272976,-25.794891925743904,-28.224480661052183,-23.452455032399406,3.5543724322547856,-214.19461938099812,-214.12886145940246,-229.8235840391444,-198.5687544620144,22.746147716835814
2009-01-01,-25.808039221655484,-25.814941890256545,-28.261643721950975,-23.367158329121906,3.5446521891683567,-214.31883032779064,-214.2073968299588,-229.5274772535738,-198.4732016363304,22.930887312986293
2009-02-01,-25.86552131480849,-25.79077228867792,-28.18384637276517,-23.366685803362188,3.541031901277207,-214.15951914794226,-214.00425971055432,-229.0678588254409,-198.75739853094868,22.68987845503814
2009-03-01,-25.780105262905753,-25.742299774982282,-28.20940289302029,-23.30216289149922,3.615955345753424,-214.05430759496068,-214.10541158108472,-229.51441537666477,-198.30959068282408,23.000728142855234
2009-04-01,-25.81400717483363,-25.77975767216517,-28.233415729072057,-23.33496109878798,3.547938556018265,-214.08695156814676,-214.16609598504337,-229.5587733774357,-198.94589608128507,22.66389703840025
2009-05-01,-25.82406764885339,-25.811073562602804,-28.216095115484045,-23.374178383248054,3.5313384345885446,-214.44073145136088,-214.38666515823834,-229.91504153987435,-199.0874195638444,22.737617874639838
2009-06-01,-25.86147039744396,-25.83184224700097,-28.298754866377816,-23.39211357153093,3.5373603209671156,-213.6422849530876,-213.74595516514788,-229.18474732193152,-198.25012603573805,22.933627393077295
2009-07-01,-25.795120857863232,-25.765483373913245,-28.1640010343155,-23.330439721904668,3.5296100004732205,-214.42320705695528,-214.02562849251768,-229.34793199435197,-198.4918544964181,22.68073602000441
2009-08-01,-25.808391469513797,-25.802318164284348,-28.183726751651676,-23.43561876325407,3.506095082518068,-214.23110373151974,-214.23018719249427,-229.66888862513636,-198.89342234059754,22.63780255455413
2009-09-01,-25.846681354645387,-25.80816266250428,-28.242890538340916,-23.42713276629351,3.548876742342013,-213.80915511004878,-213.8741163354011,-229.43783216592772,-198.29970956993066,22.85691595517381
2009-10-01,-25.800867234296383,-25.836012041360696,-28.282676971589627,-23.395305983809564,3.57453754971596,-213.92822764486215,-214.1719943104293,-229.8140859326925,-198.69872295696044,22.84782917628861
2009-11-01,-25.823165637557658,-25.821515459853696,-28.235469151733493,-23.436475714702997,3.562362261818913,-213.95528738975207,-214.34236356469486,-229.72822673884696,-198.66157477234526,22.98900037410804
2009-12-01,-25.698833541061227,-25.744768491982743,-28.156987170128684,-23.295990305896694,3.5810687070456364,-214.7259184972348,-214.39777312430493,-229.8034806975708,-198.89196317160184,22.776866450165752
2010-01-01,-25.81813884642265,-25.778973139273393,-28.19762090696231,-23.37812812212978,3.5406777477141547,-214.14939856134868,-214.2592245718536,-229.77898583172924,-198.72511805804282,22.787145644975467
2010-02-01,-25.821550248581246,-25.828453568339302,-28.19810085591523,-23.454175710118335,3.508063093108832,-214.0659441364871,-214.0450281687886,-229.186788390032,-198.6809321378077,22.61689687861125
2010-03-01,-25.834492754106165,-25.8094246064796,-28.219661279342546,-23.38842513368222,3.5733611153657097,-213.9703364955128,-214.142530874121,-229.47998445461718,-198.46683015496586,22.821737512995238
2010-04-01,-25.76556036796398,-25.74995252730266,-28.143386509979678,-23.39627165909085,3.509880495359457,-214.1154130217164,-214.18732677902608,-229.20313767310805,-199.19895651398542,22.512600826824166
2010-05-01,-25.80726135456643,-25.812765054423707,-28.23100862769669,-23.411323791603884,3.5182885251016485,-214.09704901492117,-214.20465387138472,-229.6971130405451,-198.7538550215528,22.641585537025257
2010-06-01,-25.80280990030184,-25.766070529568506,-28.165278470009046,-23.327871396933297,3.5374511588106805,-213.71432780615808,-213.7738735663648,-229.26884595211502,-198.47083561440695,22.319526614755237
2010-07-01,-25.684189068517043,-25.70769162977524,-28.123692034816703,-23.315707524093625,3.537015120190505,-213.79839990481554,-213.90995122157503,-229.79762404499388,-198.4701610418443,22.818124524266477
2010-08-01,-25.759322271386722,-25.76312946051497,-28.187209430276205,-23.360397354042007,3.520702163717245,-213.80715198858547,-213.85701390433255,-229.4396243191565,-198.4664624657188,22.568339538508464
2010-09-01,-25.774054809287897,-25.734501977671574,-28.1091165502572,-23.305435517016818,3.521349709063613,-213.98461387506043,-213.96800015629051,-229.35787046073506,-198.61866082887244,22.813932907911656
2010-10-01,-25.785053293299153,-25.795305234448822,-28.240467539663992,-23.35916576852938,3.560840765669405,-213.75552061492164,-213.8146237934965,-229.53276253841867,-198.46110853062586,22.813506134981292
2010-11-01,-25.773206460948366,-25.78764799823171,-28.162521792976015,-23.385473621606536,3.5183386079771006,-214.36253097651968,-214.0629162670535,-229.1001399914955,-199.0801625061033,22.49076177177297
2010-12-01,-25.748490818473044,-25.765849195822682,-28.179648303592682,-23.352329665650984,3.5591909802568127,-214.4390524080851,-214.39575017154087,-229.8000555781261,-199.31551243431028,22.54672481270007
2011-01-01,-25.75710216886801,-25.781384517332665,-28.16442254196038,-23.378258990441438,3.497699146504386,-214.34974657903012,-214.3372236255241,-229.63703513866855,-199.05005722037632,22.85605459936714
2011-02-01,-25.79692320211663,-25.77900946935075,-28.18421329040238,-23.38255944633758,3.5423770695914296,-214.17214898633748,-214.03835690359483,-229.64778811948383,-198.48573088508377,22.64103232323589
2011-03-01,-25.731999582545285,-25.746590402286873,-28.17950667646688,-23.325377597916958,3.540910880704023,-214.1471564532822,-214.17355111293537,-229.53697518284076,-199.0742860633893,22.60542640927102
2011-04-01,-25.813073853413922,-25.78716433089917,-28.11300982002751,-23.42603675425027,3.5576895236300956,-214.24409990994036,-214.23962441696796,-229.7276779479458,-198.87889825600564,22.672962051070034
2011-05-01,-25.86388500830872,-25.876152996146416,-28.281218845777396,-23.484591849612436,3.5026886007618976,-214.3665024165397,-214.38547831360745,-230.23341675433244,-198.3979897784127,23.03532847952396
2011-06-01,-25.750893494826535,-25.756891360299843,-28.13833123120221,-23.313755233235035,3.5032608229610798,-213.97863716821487,-214.21346065330258,-229.64806784151693,-198.7410940830494,22.5798912613168
2011-07-01,-25.79964599500989,-25.80153472651971,-28.278919122266238,-23.351734682315183,3.5359394583753194,-213.80305762335465,-213.9361847827126,-229.85238353132033,-198.14470613324937,22.989531309052815
2011-08-01,-25.728900226936464,-25.762334486989683,-28.14440113197145,-23.369992820020094,3.5165703755755398,-214.35715073348152,-214.3390561914809,-229.588915607647,-199.12175642483135,22.370636340627435
2011-09-01,-25.795887365914336,-25.75864183773656,-28.128867835293313,-23.360867137774626,3.501800737771584,-214.14173539713804,-214.280614007233,-229.9684996058412,-198.59733047765215,22.772281046707583
2011-10-01,-25.739038296719116,-25.74435344638665,-28.182395509431906,-23.3299876689537,3.5267637907380864,-213.36248525279265,-213.56763835669346,-228.97726673447477,-198.3239844941887,22.666544075043113
2011-11-01,-25.754766588036013,-25.733538029209466,-28.164319390559072,-23.392659312943806,3.528832334148979,-214.37296772181975,-214.31515134735847,-229.66102174816405,-198.89098703176708,22.744654935183227
2011-12-01,-25.828126284414857,-25.804483726311318,-28.20158373150673,-23.40990030787031,3.508497152970336,-214.21012896622068,-214.44015083381626,-229.83030461439577,-199.17352297704076,22.51879217632416
2012-01-01,-25.799142105344078,-25.767724175345823,-28.235788889241462,-23.34481617699336,3.563525813308854,-214.60708360131127,-214.59525825748193,-229.89402488255584,-199.04685819121852,22.616690454081436
2012-02-01,-25.831681009505516,-25.80401187962492,-28.247461562501886,-23.448308444793824,3.5449310865062977,-213.68643341318364,-213.89997342294288,-229.1529465193121,-198.70794960541906,22.616340928861383
2012-03-01,-25.817483707108416,-25.798921184296223,-28.249808770451455,-23.35740448862807,3.568574414576356,-214.0545246025364,-214.21696099055285,-229.73251768457345,-198.71024605954187,22.92083644254903
2012-04-01,-25.811541373537793,-25.809612388136262,-28.23250246212376,-23.433002476224445,3.5300376806328955,-214.21244473038695,-214.3286340066242,-230.03212338931803,-198.73425910913164,22.863229798529918
2012-05-01,-25.770924963608906,-25.752157372587472,-28.12620877527335,-23.400477094527634,3.5275134062562157,-214.11761875195117,-214.29889214711386,-229.15853172080358,-199.0699777951138,22.371268850537984
2012-06-01,-25.792998302131185,-25.7803298061248,-28.13495005204617,-23.423347411013776,3.503839944098722,-214.4956223429985,-214.3284099629945,-229.53875296866943,-199.11893171246078,22.59599652522818
2012-07-01,-25.75331665620542,-25.759253642893263,-28.12554688304626,-23.3623625377776,3.528897363355069,-213.70957554400604,-213.96803300279655,-229.29444156496893,-198.68418412669484,22.55226011735487
2012-08-01,-25.77012462210409,-25.774622107180495,-28.173538955646542,-23.369082274590294,3.5254351402572586,-213.8298242683639,-213.80696313479743,-229.53993797072744,-197.7901064139656,22.849371691730088
2012-09-01,-25.79297274690122,-25.782294604308518,-28.176401777899606,-23.390702477448134,3.534364929310131,-213.8467983525369,-213.94923311830559,-229.60796925684662,-198.42301217883238,22.917111543499004
2012-10-01,-25.691800756362667,-25.737033749927296,-28.2000159704183,-23.379383259907463,3.5331501603687276,-213.97289408032714,-214.10174451826214,-229.1180088649126,-198.64795392034426,22.667684056816356
2012-11-01,-25.776455168250816,-25.774970827772982,-28.177477210984712,-23.416421162688142,3.46640064752066,-214.6472762710987,-214.54964617622238,-229.74800057930838,-199.07902172290846,22.899867458877054
2012-12-01,-25.746306576822924,-25.75165181319174,-28.154101466791,-23.358017250892747,3.532261852195444,-214.9754954673224,-214.6315986602818,-230.0098344574963,-199.28739794724186,22.58109261266283
2013-01-01,-25.78604977876101,-25.777424422174448,-28.236989587603134,-23.436993782417833,3.526455167139071,-213.8781224570913,-214.04516962107118,-229.78927011769625,-198.6489945425448,22.616126678959755
2013-02-01,-25.769633751866948,-25.723879246598496,-28.14376038436741,-23.308864354938876,3.553246231320166,-214.33276749867298,-214.35495175959636,-229.77368624010577,-198.70023527869105,22.96059040723344
2013-03-01,-25.769721139471,-25.74087334573913,-28.172082324674456,-23.31475794393278,3.5380120044476224,-214.43702513812963,-214.3707898578723,-229.64207979134676,-198.98406302587495,22.497049444996243
2013-04-01,-25.72344451477771,-25.73737166338244,-28.102238405101527,-23.32212417230756,3.530617337718495,-214.22885104518366,-214.04477556149104,-229.50582645118783,-198.61844634915747,22.815551683042198
2013-05-01,-25.726737003677073,-25.736626217505563,-28.163299897829386,-23.3247896317174,3.5806183561726725,-214.23438235852785,-214.36836236246685,-229.9956624535567,-198.96937234426628,22.807119983476024
2013-06-01,-25.78661083327369,-25.802735715551414,-28.130344885095692,-23.420756056693776,3.498321807898309,-213.90355880386755,-213.9276760337455,-229.4686613247039,-198.50603555564393,22.71157496140722
2013-07-01,-25.7973450587059,-25.779689104666865,-28.181358789370528,-23.34514428600181,3.5493683519906383,-214.26580612857586,-214.3774691642935,-229.70741479565947,-199.48773457463983,22.351913474251262
2013-08-01,-25.739540833294065,-25.778196433017435,-28.15168305725845,-23.40138613514121,3.5137376208366407,-214.1994381552882,-214.27292631026674,-229.57652212815734,-198.79763669048555,22.656065612751178
2013-09-01,-25.791554476980394,-25.779420934832135,-28.21801170324214,-23.34979641938871,3.5300863720643125,-214.0359383840019,-214.14827381302104,-229.73197256244,-198.70988423999503,22.889093457377438
2013-10-01,-25.72926329583732,-25.73747584483342,-28.09108220058366,-23.306681177881636,3.487891240928391,-213.5491386191888,-213.67085010403227,-228.9961384668644,-198.3480635818895,22.865682540512616
2013-11-01,-25.733241682261813,-25.746928733167024,-28.122377737938688,-23.394790218065936,3.4824627790959286,-214.1088993535431,-214.07607895491094,-229.95447125394364,-198.63133964954505,22.743470415755784
2013-12-01,-25.836362973843293,-25.826789827057933,-28.229794265677167,-23.443134961949106,3.5153560370025385,-214.0925131414435,-214.29058427384058,-229.8095261291258,-199.1104694075016,22.553030043846935
2014-01-01,-25.753181005771985,-25.75703139150963,-28.059960811412815,-23.45161110392462,3.443489754945488,-213.6720067517693,-213.73055944607415,-229.2002489263161,-197.9051254563502,22.729755175462312
2014-02-01,-25.756382996446817,-25.7432669526031,-28.16060244840365,-23.308730189913774,3.541048200216744,-214.48990657682614,-214.49566936594272,-229.8452804631484,-199.12393883721745,22.764525338985028
2014-03-01,-25.768227879288133,-25.7564382154207,-28.127979645174086,-23.27781119471832,3.5464502329554732,-214.15701868391307,-214.12928158867717,-229.56255303253536,-198.55250371178244,22.6741933543914
2014-04-01,-25.788292656316024,-25.774994049792173,-28.15771831348353,-23.34556186078916,3.5197427208215406,-213.8995626008627,-214.21059801814556,-229.45922387494204,-198.9041784754392,22.629620833762214
2014-05-01,-25.738621378483053,-25.769657898718954,-28.120701732080953,-23.412063811042923,3.504398117973536,-214.0057182236912,-214.18505970569146,-229.51062905770252,-199.16062928932544,22.431763609546966
2014-06-01,-25.77438492228314,-25.75581487085011,-28.128680167625685,-23.375285547983754,3.4938652885365253,-214.06163190575336,-214.11222963561067,-229.41415988253058,-198.37817858397196,22.606665410736742
2014-07-01,-25.796630675143742,-25.788456817703405,-28.20385342356649,-23.373170020497103,3.5302874949471255,-214.5815623882441,-214.66051442113974,-229.8474136523862,-199.09213923580268,22.543568899756842
2014-08-01,-25.719749526252375,-25.790295748193326,-28.17445098204031,-23.448333983284336,3.497378394830177,-214.2564061740943,-214.51680462073207,-229.74864469960443,-199.19495793179448,22.472694847870258
2014-09-01,-25.79842245504018,-25.78344269173143,-28.192165988036493,-23.37205605837921,3.5419824608073696,-214.05920393739854,-214.114773101504,-229.1827639695655,-198.97055764788368,22.465557834469642
2014-10-01,-25.777638081450796,-25.78024619282033,-28.135645067248046,-23.35552133491998,3.537551214943706,-214.28726814537657,-214.1911208763652,-229.81450725578063,-198.71687143794236,22.97664287907932
2014-11-01,-25.794151277374986,-25.7811548593131,-28.193968898807455,-23.40470060509668,3.5067884606656734,-214.4199888651424,-214.32160663945038,-229.7545299216544,-198.73914009557114,22.549088419560572
2014-12-01,-25.735276470204745,-25.77462803100675,-28.192973415753972,-23.397109367230133,3.483857758518265,-214.01533570843992,-214.1515112185633,-229.6543920126329,-198.7488282904007,22.68279960084464
2015-01-01,-25.746202859610065,-25.764407991188197,-28.19359848830321,-23.3626020407761,3.527450879375092,-213.48795620361673,-213.86130192607612,-229.00289629613428,-198.80498943470363,22.35405300745533
2015-02-01,-25.69755550385257,-25.749303645717767,-28.181827768170137,-23.389277882959274,3.536511782028338,-214.6901656651459,-214.5371599909796,-229.8804695010232,-198.9943377607246,22.57683675481104
2015-03-01,-25.82966477296666,-25.833032910118696,-28.216351739982493,-23.418527180183276,3.5481110561543447,-214.40160115838074,-214.50473330240715,-229.9578035337301,-199.058073517792,22.588768778546815
2015-04-01,-25.79931000594499,-25.80801788484598,-28.24489501615817,-23.400203069099344,3.561345398422919,-214.15186945786596,-213.97904774269654,-229.53341075514697,-199.02720734065707,22.582010318460327
2015-05-01,-25.714898803869737,-25.768219154303484,-28.177933926312228,-23.368346845315887,3.5474301938674238,-213.8988505181705,-214.01172574853933,-229.79185820708952,-198.35412963929284,22.770886653679764
2015-06-01,-25.81423443702385,-25.812166553740155,-28.150792811238276,-23.440677306377538,3.5322084145054053,-214.56900824723695,-214.06719519171165,-229.244179247791,-198.7408389945394,22.498025387291875
2015-07-01,-25.777488991250266,-25.77877520667938,-28.18604523779987,-23.355685701587795,3.5614422766021003,-214.1335435404546,-214.05131131389345,-229.54306479348296,-198.39093980287,22.921386604114463
2015-08-01,-25.747274897699736,-25.774340121064924,-28.17847274544909,-23.368181402682687,3.5346062388939874,-214.28558330812524,-214.17148501728852,-229.85376240650973,-198.8496261723995,22.762505328296275
2015-09-01,-25.776880531980893,-25.77677273306614,-28.15028496755277,-23.398589605655836,3.5148180616418427,-214.43911477335178,-214.12748611819939,-229.66013531643603,-198.46975989429913,22.803580542465117
2015-10-01,-25.864120188858266,-25.84082615645639,-28.24179154444478,-23.420780245245414,3.547387533149404,-214.1717326345671,-214.09764884011253,-229.54375633666976,-198.8718747080498,22.468783684765516
2015-11-01,-25.867590736322548,-25.812844175866054,-28.188943871080077,-23.40145424538713,3.5119751425671732,-213.92177704735764,-213.98951296053147,-229.16720308310488,-198.78544992722627,22.552765028268777
2015-12-01,-25.804831450553287,-25.747416610582057,-28.168352896615566,-23.330380502785808,3.5365825030921343,-214.17080677723092,-214.34204250329677,-229.81374385552968,-198.78841732670057,22.82247391266273
2016-01-01,-25.80586078504082,-25.78987617042992,-28.209765642448666,-23.383346100965255,3.5142192125453446,-214.30502415269,-214.34753260501097,-230.13146792102356,-198.71572701053566,22.775048513955834
2016-02-01,-25.84056373661254,-25.83580748990098,-28.230394130963035,-23.44096554350714,3.508876783930552,-214.87153114122913,-215.01691166756163,-230.3017938103927,-199.72766993182788,22.649921218168224
2016-03-01,-25.821747336825833,-25.81975010188586,-28.23135171041555,-23.405169599874498,3.5191171460943753,-214.15190088116435,-214.04752406336266,-229.43692770145083,-198.42829784995072,22.825145964322697
2016-04-01,-25.800112311624662,-25.79986009869815,-28.18275424698207,-23.367205968150653,3.5481911314551287,-214.23554833414607,-214.31834607155096,-229.59664390356028,-199.15769886020124,22.4217545560329
2016-05-01,-25.808076121560724,-25.815886433482635,-28.261529065174564,-23.375768196459273,3.5490358921221157,-213.8200119092923,-213.8211157977166,-229.55555520024132,-198.43721041278826,22.91916793743009
2016-06-01,-25.756969821443736,-25.7382385358417,-28.12512391456174,-23.342001533074814,3.5188647028373095,-214.4609870751541,-214.20174854632683,-229.82387919577815,-198.57128428421325,22.732681304946684
2016-07-01,-25.72557758030753,-25.748391442442937,-28.098618375105538,-23.32719255898506,3.5087683457812116,-214.2178031093208,-214.14990029248352,-229.8847548472755,-198.2277551135914,22.79578864259729
2016-08-01,-25.76280015841871,-25.746565906240452,-28.056498126352633,-23.3800487298314,3.5018029119615086,-215.0067260751975,-214.73697165675173,-230.34839917441275,-198.92875060114002,22.63942024927376
2016-09-01,-25.80960588454221,-25.796255315370384,-28.20216074083887,-23.397008411670264,3.516089415829646,-213.3274894282846,-213.8353399872802,-229.4905877224977,-198.10965683138386,22.85163103175587
2016-10-01,-25.69241545132993,-25.75964772694851,-28.174547417526107,-23.384408116524355,3.5138853017467686,-214.0999134841455,-214.2314187951291,-229.74425222665846,-198.72390391833179,22.472410658583303
2016-11-01,-25.778582093528016,-25.758560337340988,-28.145170176562928,-23.33848296633036,3.5183356647406856,-214.445614679543,-214.2426098593973,-229.80133792681215,-198.77746092002127,22.79361785248688
2016-12-01,-25.75797121520804,-25.75199165072273,-28.16485989794687,-23.317278868562354,3.5144051708946398,-214.2577495274047,-214.49162718181327,-229.80527055403687,-199.3098933597784,22.95873848847508
2017-01-01,-25.75934904119505,-25.777395554585517,-28.162415092045112,-23.350937680321827,3.5336998375931934,-214.09531899406556,-214.02091033032093,-229.38253814626435,-198.66963773677386,22.615432302116428
2017-02-01,-25.745924151315684,-25.774756127239325,-28.165605354353886,-23.31037326713505,3.5576496286946995,-214.01104901024513,-213.88500353655303,-229.5244334334298,-198.28581414086813,22.859238841330193
2017-03-01,-25.844727144869125,-25.80923592990812,-28.23524746395178,-23.437859470475274,3.4955511967645942,-214.4527540903851,-214.51054754563415,-229.85224870458927,-199.25650831997677,22.718247636387296
2017-04-01,-25.796186554538664,-25.78430486824173,-28.177447183277998,-23.4390998288205,3.5109147188823617,-214.21210087624064,-214.23749527652123,-229.36892949823664,-199.06825621551664,22.547500524340467
2017-05-01,-25.740575490623435,-25.74227785257758,-28.130460143321,-23.426175930632773,3.4648027533849817,-214.10985046626385,-213.97052674685298,-229.52747711259263,-198.12285245613847,22.93704246819045
2017-06-01,-25.740731925186328,-25.744434024902656,-28.14065787086441,-23.37995079477169,3.4826381184933126,-214.7910609479461,-214.74531116505523,-230.51555492765425,-199.50000152273668,22.755943401981543
2017-07-01,-25.77355981977812,-25.781849345696923,-28.159708108868116,-23.38607512246223,3.522362247778182,-214.02526648646761,-214.18980574525492,-229.395371014452,-198.55157061696275,22.752811650520762
2017-08-01,-25.781453434689315,-25.781613678701273,-28.19306057365767,-23.38482158789344,3.5286951220558405,-213.95881225833813,-213.9002407964221,-229.17539706713134,-198.15824334188162,22.65507278582271
2017-09-01,-25.707079066700963,-25.724797509831365,-28.123796711300287,-23.38078731827761,3.5004805068077767,-213.6959926344878,-213.93048684253114,-229.19430058604715,-198.50049660140547,22.512956837505566
2017-10-01,-25.76978133439848,-25.77566445959984,-28.192790167689168,-23.429391273439663,3.555615638604572,-213.96930054667087,-214.27998040842078,-229.7279943133042,-199.0337406388683,22.483608473434835
2017-11-01,-25.697773510046645,-25.689854212978005,-28.112445463635808,-23.329451546348842,3.5333132405162204,-214.24706794900453,-214.35280276382753,-229.67831357105538,-198.60983223852975,22.704866171005502
2017-12-01,-25.719289083070557,-25.751939738589556,-28.083102780659672,-23.3510722349142,3.5008871247216167,-214.35406744434715,-214.08684386703288,-229.69133116036394,-198.81634872654928,22.72574368954347
2018-01-01,-25.745440855547706,-25.751025290767323,-28.14881607306882,-23.344886748874224,3.509646745406295,-214.33957742147663,-213.99212493705494,-229.410678513434,-198.40682822756608,22.710220799209285
2018-02-01,-25.790627186419027,-25.79755148874062,-28.194538650276655,-23.384226780460946,3.5232542539601965,-214.3637932137733,-214.25074050838109,-229.47163801943486,-198.62641387718563,22.67188268594996
2018-03-01,-25.81102817701708,-25.787721283117982,-28.18019626283012,-23.380874979575847,3.522989753616786,-213.74248508670468,-214.03462921407595,-229.26149731086772,-198.62313089208496,22.426964448223448
2018-04-01,-25.758559623860325,-25.78038238093938,-28.224798907803464,-23.3260001686087,3.5740275602662988,-214.74150725662125,-214.2388359852162,-229.40306628133098,-199.42132967894392,22.20540792218963
2018-05-01,-25.75287352126507,-25.753262623184135,-28.144025207188868,-23.336958059575036,3.537319783427572,-214.46984000024887,-214.1712990881952,-229.2117456492416,-198.95013910499856,22.524162068689133
2018-06-01,-25.706717397234506,-25.734127156069153,-28.167727043921058,-23.352964900775902,3.529321964449196,-214.49475466032771,-214.41314634541524,-229.39149880483686,-199.24786179420832,22.626217629605797
2018-07-01,-25.69958916469638,-25.72452140762882,-28.11884336457006,-23.31329299934976,3.5152203170044203,-214.1460196087824,-214.07678097549154,-229.52863065655006,-198.60991104186374,22.82479019079321
2018-08-01,-25.815022840640808,-25.80565249790473,-28.15782200625824,-23.397304800598143,3.5223096244337513,-214.13322263804505,-214.1277112991022,-229.55412442511886,-198.26428395979556,23.14145284849429
2018-09-01,-25.81959867569607,-25.796731067107874,-28.17168824955706,-23.41426486614673,3.4989156761556575,-214.27036093897556,-214.20283946371413,-229.8060734488543,-198.48384644503892,22.60492371973224
2018-10-01,-25.81894184331121,-25.783668400185196,-28.18280816045278,-23.352236216894724,3.5723133406971423,-214.21576789769156,-213.9767100395725,-229.43104144144053,-198.46034624844592,22.87484659862899
2018-11-01,-25.768698701623958,-25.790453601829107,-28.12528930941542,-23.3810103325079,3.538785554485534,-214.00535968990783,-214.16884463733578,-229.51113013123307,-198.52616783680264,22.805850227348756
2018-12-01,-25.715016571157477,-25.75104763484561,-28.182718883486327,-23.36379415846794,3.52565915292778,-214.89217467401392,-214.58282554431716,-230.10198361535572,-199.30293204789632,22.785662370364147
2019-01-01,-25.78913264672059,-25.770745886199776,-28.21479093330841,-23.369184914059254,3.558846748324474,-213.92276023606505,-214.04024615882915,-229.3391181848603,-198.74635181321497,22.464401830024897
2019-02-01,-25.787058745094736,-25.78554622640849,-28.269371769096505,-23.34809502563087,3.5732436132264374,-214.3214253459926,-214.31250315080118,-229.8568862867092,-198.7056199674593,22.786361124786843
2019-03-01,-25.74324029056975,-25.760652176317862,-28.174271194071025,-23.375019054393643,3.550667554485253,-214.22475818342477,-214.4792190589667,-229.81674594805804,-199.09114691545238,22.697727158051585
2019-04-01,-25.742868353350527,-25.81164981585473,-28.1720727752856,-23.435502806179976,3.499286610871396,-214.19062651248328,-214.22709583081473,-229.85014769487987,-198.6694899732997,22.79124048641762
2019-05-01,-25.77118287150843,-25.76014069990793,-28.148375270463905,-23.426254863078398,3.5084105210684213,-214.26564353282214,-214.14394474380146,-229.1774795675995,-198.9144360370577,22.770999074881026
2019-06-01,-25.742196650300002,-25.73552768101733,-28.163395740494558,-23.289558013049938,3.550314685275026,-214.52042490802222,-214.43644919580916,-230.0497561218894,-199.21109460840987,22.62253534142953
2019-07-01,-25.80675446413063,-25.754484264037902,-28.182928743193177,-23.35608561472737,3.5393871125239533,-214.52662481961127,-214.3557770394755,-229.3370408522093,-199.0776439399968,22.445233167342405
2019-08-01,-25.79584772339738,-25.7996929388029,-28.183893975324796,-23.43119706353943,3.5195988562141984,-214.42209934511902,-214.25463606702314,-229.5056638437345,-198.77732796065422,22.762146370667573
2019-09-01,-25.79019767773386,-25.749972101600534,-28.180424511306168,-23.351178755121744,3.5410996496947065,-214.10849401305148,-213.99294136925297,-229.5502179073778,-198.69559966383557,22.73552841502315
2019-10-01,-25.732274719583117,-25.73383641438541,-28.138226113892614,-23.325043255758683,3.5021129790415246,-213.82216155160864,-214.04412504361397,-229.38707183487486,-198.91683641541871,22.386563044706076
2019-11-01,-25.768737034582678,-25.783451895922596,-28.18863528048046,-23.33960942462749,3.532553189472853,-214.08566450516622,-213.97495296943546,-229.40888120632957,-198.55005655184112,22.659228728252128
2019-12-01,-25.749603915456362,-25.76177118243998,-28.133313920669266,-23.36724611023739,3.5298446102486114,-214.42414529427728,-214.202604400892,-229.79760136505897,-198.48642951370138,23.020532249120915
2020-01-01,-25.759418589142943,-25.761039032261145,-28.127609054030188,-23.369541880979682,3.492467345676336,-214.85884277908536,-214.51635914605265,-229.91300341020934,-198.94271811955673,22.811866463311137
2020-02-01,-25.72526556515738,-25.740995730531314,-28.13935747341359,-23.382376423404562,3.5164033815158406,-214.10007175062782,-214.0570207876916,-229.10786698188792,-198.4450313289401,22.88133001006069
2020-03-01,-25.73127050210919,-25.770353440561856,-28.129408843936865,-23.40701489981457,3.4967476779623548,-213.88121703578526,-213.8757496459162,-229.49471910816075,-198.18717754777782,22.805745503852553
2020-04-01,-25.754523438342368,-25.74485337333781,-28.11177230509809,-23.3316549692279,3.539346801714739,-214.1821127164839,-214.05060000873235,-229.3307638060138,-198.37258641438692,22.545804656668686
2020-05-01,-25.751003048105154,-25.729342685839544,-28.107865260990256,-23.33441728181419,3.474297648947182,-214.26589184336802,-214.19088520639724,-229.49893715834136,-198.8946486077098,22.681295098281065
2020-06-01,-25.680196525589125,-25.708612319717403,-28.06023342100708,-23.310173160826295,3.480279586882947,-214.04882037569502,-214.17751593786477,-229.56672962833977,-198.8707012683622,22.666903470286794
2020-07-01,-25.81150544358764,-25.77952227860864,-28.21669113931831,-23.324517582914993,3.563704451956833,-213.87171498505344,-214.0163489122245,-229.1108185172978,-198.6169994055864,22.583544718432293
2020-08-01,-25.78744415778352,-25.792177932118076,-28.234365904078114,-23.37591684234202,3.554834867679536,-214.16244249530962,-214.1149459388741,-229.6185821055904,-198.38546390659317,22.670693226002797
2020-09-01,-25.715913359113255,-25.730529398001956,-28.146589476044213,-23.386716665476808,3.4916178105545965,-214.85872504438407,-214.7396890389528,-230.4103085559396,-198.868679267086,22.72266174110357
2020-10-01,-25.752135753107854,-25.75680839232487,-28.119192730074655,-23.33476683693444,3.51353295573911,-214.2861360860673,-214.08119897248756,-229.59612518226078,-198.63636049058576,22.676202844929346
2020-11-01,-25.782926772231598,-25.773074338573334,-28.193083882213713,-23.366623838893233,3.5261117382143827,-214.17809502086862,-214.19575405263822,-229.6885152249896,-198.66347529736208,22.73525615711578
2020-12-01,-25.698658768726304,-25.731639077403507,-28.103341696231695,-23.353951346263504,3.52718440105109,-214.50706539461538,-214.6194827026205,-229.79951415326835,-199.42229789553173,22.548075851074156
2021-01-01,-25.771456380309772,-25.726745423352778,-28.1620745692191,-23.260608890595957,3.5645436627868925,-214.6733954159895,-214.56904818992697,-230.18502875600322,-198.9296540386053,22.77389090178964
2021-02-01,-25.76405867408944,-25.72690597320261,-28.06693261175093,-23.406495987444515,3.4855172905803085,-214.39007213256673,-214.48789669038993,-229.90860662598496,-199.08612332602272,22.806639891800643
2021-03-01,-25.824535781609868,-25.806180058620246,-28.218025479766833,-23.381731083584143,3.500627412531235,-214.00419789256236,-213.95826015867726,-229.51002043848123,-198.47341987361457,22.75716885100281
2021-04-01,-25.8017242558903,-25.769082610767448,-28.157195486212842,-23.36178295397931,3.5021037194117075,-215.09370350186097,-214.78655798219046,-230.30356181929244,-199.2238855942437,22.804316152765775
2021-05-01,-25.84473350789603,-25.844039348960667,-28.244642501987904,-23.46803093392394,3.516116740034356,-214.25609897395228,-214.29704562540138,-229.61877338269554,-199.0055756181974,22.72110293491755
2021-06-01,-25.7611341321863,-25.77435020830973,-28.169740770690268,-23.41625367815543,3.4925905114622915,-214.03508263920043,-214.06098123430473,-229.45225191273786,-198.815935336475,22.50721383650466
2021-07-01,-25.852173925044063,-25.82523927888974,-28.234745452011047,-23.414639054489918,3.5298072751071876,-213.9249320848242,-214.19305087551447,-229.83649849534868,-198.727107993533,22.721621819612764
2021-08-01,-25.731963532587613,-25.77975082987696,-28.208055136564465,-23.4094543650569,3.535675198674548,-214.48955243640262,-214.4268265637559,-229.86795913390495,-199.04580084041396,22.66730117040194
2021-09-01,-25.792922621550392,-25.783898221309098,-28.183748800107942,-23.410567877465926,3.482673670849038,-214.38385853133786,-214.22564924527657,-229.87084365101612,-198.59978302123085,22.676602604667046
2021-10-01,-25.804697704311238,-25.801114313930608,-28.197813202107966,-23.39020451122039,3.5491874670426653,-213.94752880892355,-214.2647716909994,-229.95388988428843,-199.03429730577867,22.565871311700683
2021-11-01,-25.807434811068386,-25.759641568987462,-28.17743668983409,-23.307545169327327,3.5517807568449147,-214.46051212406343,-214.41041141491047,-229.9374969433701,-198.90145033206312,22.941778175178097
2021-12-01,-25.792086999852245,-25.76147031609413,-28.12418015182794,-23.395362354231157,3.464118417784617,-214.5760205609037,-214.45009875285132,-229.834190784043,-199.07334531216276,22.712721429731754
