date,d13C_median,d13C_mean,d13C_p5,d13C_p95,d13C_std,dD_median,dD_mean,dD_p5,dD_p95,dD_std
2000-01-01,-47.110754819368616,-47.02974724476964,-55.89977827324327,-38.0580796389971,5.499035108647123,-182.78351237392897,-183.01039054588728,-219.2244046543276,-146.7194213289031,21.709069519684203
2000-02-01,-46.88593302864887,-46.931668835835964,-56.03005561807717,-38.23827955522602,5.403734683739455,-183.50094792824723,-183.43631667356948,-219.27810865029758,-147.72300363746245,21.627418264445147
2000-03-01,-46.91918100932595,-46.88886760517729,-55.82681883488162,-37.77993089827383,5.397520553860711,-183.38096617471095,-183.25853176295738,-218.8820080511447,-148.2440114941742,21.489165524241173
2000-04-01,-46.78817087717567,-46.86843039768387,-55.71466169965203,-38.1437946740769,5.375292923256616,-183.1775421963756,-183.12466392323668,-219.06253361761594,-146.80624299257224,21.98411504463949
2000-05-01,-46.817289726182906,-46.904809775648275,-55.82315933494023,-37.990673373373724,5.404120192421598,-183.26988289267518,-183.31024589007288,-219.16797337136765,-146.97447263797207,21.775571699798572
2000-06-01,-46.934177351745376,-46.9188574964522,-55.976640399482264,-37.67234022721343,5.477027602289471,-183.72463821258896,-183.42686160223477,-219.32167366126905,-147.34805310483105,21.9870890040981
2000-07-01,-46.99951921066095,-47.009536231227344,-55.982710012423574,-38.28551595236402,5.402583484912817,-183.1532788537643,-183.3511554393094,-218.76473779704028,-146.94808197457405,21.72122325966413
2000-08-01,-46.93326477680293,-46.89929890374332,-55.91567052841059,-37.94792394369979,5.421125227733736,-182.64826600770016,-182.68834293606065,-219.61476713368398,-146.2596017642197,22.198305259082538
2000-09-01,-46.934952042650764,-46.884720455069484,-55.6513118995907,-37.92382968020561,5.402675816744078,-183.50103527851624,-183.58540680293538,-219.17743217608233,-147.946512249874,21.595291276790217
2000-10-01,-47.10625445764758,-47.09032989625884,-56.10988847044721,-38.05051741303914,5.419494834938027,-183.42555848005435,-183.16012589314332,-219.57809132005295,-146.83167661535825,21.636960136539912
2000-11-01,-47.0045873104495,-46.88435061003289,-55.791997216319835,-37.80407171601262,5.448274468806628,-183.17660685867094,-183.2085860274539,-218.43321942423574,-147.49522977861972,21.73214260220021
2000-12-01,-47.07765951211091,-46.97783869662809,-55.82584388129224,-38.021755157098106,5.351429902091002,-184.53324058635286,-183.95990512776802,-219.06848544022932,-148.06456200947258,21.481129346599
2001-01-01,-46.902199871619544,-46.89262419107271,-55.883218531829506,-37.8746352731135,5.438421112443664,-183.66189925433727,-183.43656626897325,-219.3137475077939,-147.3310803514908,21.64208860360474
2001-02-01,-46.69846304809878,-46.85587122474923,-55.91040886625372,-38.25528708215531,5.32608555810332,-183.8251504058034,-183.92394964443287,-220.0356709619965,-148.6510190664957,21.513460950434496
2001-03-01,-47.06300093101366,-46.96360044254679,-55.7449224472069,-38.18290875961708,5.305059910786589,-182.46524113624784,-182.43509199261783,-218.10990203713607,-146.5462108063852,21.63767152430231
2001-04-01,-46.92091211613584,-46.84217826337628,-55.757679072352225,-38.003761293861125,5.431396924319202,-183.15505943846188,-183.1748436601196,-218.85497635481306,-146.3715454480488,21.809044853975816
2001-05-01,-47.08890550981357,-47.01211868573066,-55.95152043345108,-37.89015183464377,5.459384838889912,-183.01047705637293,-183.205100548537,-218.67128750385365,-147.70465910538996,21.361074800002296
2001-06-01,-46.99204985438861,-46.99500550486281,-55.720019471897935,-37.978807496057065,5.4051406386706145,-182.9104216080111,-182.74564949940523,-218.21033213022645,-146.8945806242738,21.72279979164939
2001-07-01,-46.81562847673885,-46.871968988749764,-55.848977362895475,-38.149572862999655,5.3755574622213445,-183.00708257424967,-182.92787807353312,-220.29042504989906,-147.11242569153225,21.95500823800646
2001-08-01,-46.9093424843103,-46.91480936760092,-55.73334976233076,-38.106810210364074,5.314734657332508,-183.57484609437873,-183.0852125989909,-218.1016969642306,-146.36778474854057,21.7591230131354
2001-09-01,-46.959535274891095,-46.926212773978364,-55.60515430049495,-38.09087253894502,5.34672489000868,-183.13481054132552,-183.09764635676942,-218.70045574511067,-147.23671036211766,21.729833889689182
2001-10-01,-46.84905527914138,-46.86205773300623,-55.773081753633086,-37.85189479494149,5.394179964196531,-183.09085348437753,-183.2363778247448,-218.6854794575188,-147.97840280716244,21.414441784626312
2001-11-01,-46.922706267295524,-46.874980343878825,-55.66358030650445,-37.911223172702535,5.3717814384496165,-183.19824633407742,-182.95746429720802,-219.37103691816606,-147.19430456309365,21.808546376441786
2001-12-01,-46.945755122391496,-47.01480025217706,-55.91466567975965,-38.24823539347393,5.374356370003425,-183.0050732206214,-183.0638073385987,-218.8675827007789,-147.1293674298036,21.885704737326467
2002-01-01,-46.8247744235523,-46.92365008297708,-55.85055378668053,-38.342610358091605,5.277071307177692,-183.51136723310867,-183.0072869162747,-219.0933249111861,-146.05026384956187,21.863364052298326
2002-02-01,-46.833392146714786,-46.912434312525534,-55.91754592765115,-38.08422605143151,5.396630365212483,-183.91668084222368,-183.67873236435426,-220.009162914383,-147.11037655427072,22.177830312898084
2002-03-01,-46.84781133485415,-46.85976767392621,-55.79101661728262,-38.129609945448536,5.334122261591173,-182.60500879285135,-182.6190777323901,-218.6827720818401,-147.67741990089544,21.622300301325303
2002-04-01,-46.98412236016266,-46.97002157901642,-55.914338165484175,-37.95864054520405,5.403798981903933,-182.80780954955713,-182.9493373794183,-218.6579626419446,-147.45542287154157,21.76444535429558
2002-05-01,-47.100393804830944,-47.078436756578604,-56.0313242588389,-38.08231342166251,5.3963503502043135,-183.08277776569463,-183.02608528829938,-218.38732033729704,-147.58119689326398,21.46572341314389
2002-06-01,-47.04936595611859,-47.04447772252313,-55.884976377274,-38.27917710137035,5.3302115017012985,-182.93902702008933,-182.77000380701992,-218.69560364728653,-146.17057683733628,22.009611278477852
2002-07-01,-46.98835327368366,-47.001901908750455,-55.81897604539559,-38.226818175216735,5.341807655844059,-182.8920204420507,-182.91573003711434,-219.25749540509966,-147.00680829481138,21.881575060182474
2002-08-01,-47.01585697282499,-46.9685672238552,-55.860781878415224,-37.98385241354254,5.352177124934129,-182.1373887964006,-182.48941283000158,-219.50571221367954,-146.66672712400225,21.926916975097377
2002-09-01,-46.93566532056583,-46.961869803099006,-55.68235145236121,-38.07317414043094,5.378082536395491,-182.55823885131082,-182.77963975333142,-218.83195818757054,-146.45495809752768,21.84685404086214
2002-10-01,-46.924778723359566,-46.936703739960805,-55.752349202660675,-38.179819106661355,5.373609797282386,-182.78028359599796,-182.9120096650767,-218.76989046919914,-147.49398162853288,21.567773649682177
2002-11-01,-46.95003172869254,-46.996064494199096,-55.78736467692318,-38.19862573519322,5.346164988821207,-182.99760044610565,-182.91968092410164,-218.9216253261332,-146.51231928634076,21.800329623003417
2002-12-01,-46.98519896045849,-46.93595413801101,-55.92808245954374,-37.95917582495765,5.414293529573371,-182.72892873838464,-182.79007080676973,-218.98643030083494,-146.804222151911,21.786123178850232
2003-01-01,-46.87394704454215,-46.87199925975485,-55.57920849448499,-38.141528677545196,5.309548623579907,-182.5120022449765,-182.6995120805643,-218.27634282903568,-147.13534863949016,21.484228280739764
2003-02-01,-46.774724031039156,-46.83775848460542,-55.90014176805467,-37.79230158928502,5.458653375955721,-183.00628620248426,-183.06787274174374,-219.30869071149783,-146.5255303421956,21.974789035064966
2003-03-01,-46.95262858124772,-46.99871950844254,-55.926488514303884,-38.1933480472835,5.390959444962092,-183.1918056168359,-182.81421713234977,-219.15789782807818,-146.68317443180652,21.954529553653256
2003-04-01,-46.77026066775291,-46.82747384442905,-55.69892891462987,-37.79841413776941,5.39249316609048,-183.00480950897224,-183.2309256317771,-219.56500703161967,-147.29875044935906,22.017061998891794
2003-05-01,-47.16328208120247,-47.12972797686907,-55.96592892043012,-38.18136350351218,5.343752839098202,-182.3622813548577,-182.35417759801697,-217.14746218031289,-146.41627980470548,21.37505929430005
2003-06-01,-46.89494593801672,-46.93544927822259,-55.69192577217597,-38.209537201353136,5.332115307995565,-183.48299267897926,-183.0479223209315,-218.77882257344262,-147.06527681724563,21.813907753826026
2003-07-01,-46.9138498173387,-46.96887303954396,-55.79667743478554,-38.33877976868319,5.287154200139461,-182.87028288084952,-182.6851431406367,-218.26180802999968,-146.71923690553692,21.727812269273098
2003-08-01,-46.96432003402978,-46.97391952458068,-55.801842719199605,-38.20116338344925,5.342380878913426,-183.0873924080894,-183.11190033486184,-219.21212004900198,-147.37852726157823,21.753641138210305
2003-09-01,-46.98906044454545,-46.96020121390795,-55.61607882721038,-38.12676426358209,5.322621010312701,-182.80538613959072,-183.08772703827458,-218.66915229154355,-147.6701675276228,21.491658696410667
2003-10-01,-46.96788840071467,-46.92217352536793,-55.78607117912999,-37.97166798814959,5.3708660634094425,-182.87017033263035,-183.06143747655224,-219.26627756093546,-147.39529829373657,21.85662396403056
2003-11-01,-47.01702953139598,-47.048679274718545,-55.87334157561775,-38.26394411460257,5.334884143923113,-183.4380315103312,-183.44642362467715,-219.7619988464624,-147.6263504519409,21.748875251959785
2003-12-01,-47.01351586419301,-47.07735896342743,-55.93366738175175,-38.36706194272215,5.313694941364229,-182.70763457086264,-182.79064903391068,-218.65661560177446,-146.6447060536308,21.768977680869586
2004-01-01,-47.069718360216214,-46.99789771761855,-55.776001742317014,-38.119624909571996,5.333398078245424,-182.0899705976176,-182.08448615104314,-217.8875840744311,-145.61187120473056,21.653481099767834
2004-02-01,-46.85748000014779,-46.89765479788221,-55.70500624655751,-38.068285937689176,5.403764684926135,-182.72469631880938,-182.68495512545215,-217.05700065552088,-146.99618929871437,21.45229304006624
2004-03-01,-47.06051222752054,-47.063251815430526,-55.929530250716354,-38.21016932555991,5.333537565650462,-182.0338960301808,-181.92135136495548,-216.5729108906452,-146.63632484040073,21.401328366254198
2004-04-01,-47.091815401572624,-47.07756571315874,-55.90815497765681,-38.10005115300903,5.323791914760285,-182.42406114177743,-182.43314318906292,-217.5537415866701,-147.0886240359105,21.467259547489444
2004-05-01,-46.877066838974415,-46.98928737212223,-55.973300542268504,-37.97909694872152,5.438368399723537,-182.80065597357168,-182.69944974997833,-218.85446434524607,-147.2188401124693,21.477713774492802
2004-06-01,-46.9748568040108,-46.90090047412076,-55.59990964116685,-38.03213022911792,5.280346680797491,-182.55352523832372,-182.4358112618439,-217.526892529612,-146.73176922637364,21.40326361634497
2004-07-01,-47.01452318797901,-46.94692679789985,-55.82730532278671,-37.951071208189646,5.426936343007999,-182.87497388876318,-182.72833237332128,-217.99742474723624,-146.90199535471106,21.37257930036384
2004-08-01,-46.997309798620506,-46.960541271039354,-55.88173882973413,-37.95435144995161,5.390461642282381,-182.85728371831613,-182.50276055320154,-218.54838653432432,-146.40703451758569,21.698989840806995
2004-09-01,-46.95504805749318,-46.96829535515188,-55.68150580583447,-38.07092602192719,5.356385860847035,-182.4967201250887,-182.5115755506506,-217.70990495963244,-147.48749530905266,21.321293477693374
2004-10-01,-46.883408815837484,-46.87377992865174,-55.529701441928964,-38.120073219526276,5.2731370898385155,-182.88035234017076,-182.59529030496046,-217.75467208251933,-147.44953541915694,21.34857843304327
2004-11-01,-46.99102286171041,-47.024955117036505,-55.760365413154744,-38.35798973700459,5.27621882938322,-182.23974312923377,-182.50660173712353,-218.50749692951345,-146.3590795105826,21.800270374788543
2004-12-01,-46.93678032271273,-46.998828065652205,-55.7165906181799,-38.176960390518694,5.314368146719319,-182.84653109627433,-182.78930335340254,-218.24990901239295,-147.49751255467316,21.584977345813844
2005-01-01,-47.196936153695084,-47.05352318619788,-55.548370333382515,-38.1674983882254,5.310678217761037,-182.22585980849658,-182.2662939017872,-218.1795610299359,-146.3598341402249,21.604665093475646
2005-02-01,-46.929827201746505,-46.987921174432365,-55.700588819976986,-38.39115852165552,5.254402945447464,-182.41749828742502,-182.56413897656864,-218.28425874362054,-147.42035528632917,21.401377220028913
2005-03-01,-47.04379762661407,-46.99091558684049,-55.80764824470708,-38.10620867341977,5.364383796697522,-181.7274513277032,-182.06807463958083,-217.32578175293685,-147.17212004388685,21.347484070977572
2005-04-01,-47.09363175299775,-47.03307780338605,-56.02318884873208,-38.16404715568081,5.40292922833606,-182.15274394286087,-182.39240947013013,-217.29195540736063,-147.30253421216514,21.336786261820688
2005-05-01,-46.97588168037805,-46.9293585509561,-55.642225443579676,-38.13284141272101,5.319819644984328,-182.9071004638555,-182.52773437591506,-217.03476953721628,-147.36586232606058,21.10137991492832
2005-06-01,-46.93269175731095,-46.95682615039634,-55.58927354286818,-38.23009619707134,5.272275803066087,-182.4301848271491,-182.21211320191733,-218.7601442996456,-145.60705826777868,21.694190313535636
2005-07-01,-47.09297960397232,-47.051965985298445,-56.026671821917105,-38.27099348649473,5.392225925615891,-182.17076859042055,-182.32889023410655,-217.6206289791316,-147.06723088450613,21.378559314020045
2005-08-01,-46.97426620668197,-46.95559976459872,-55.86818494122534,-38.062798825517596,5.375349646289596,-182.3113124039047,-182.18718919637115,-217.39202561917116,-146.8619990762147,21.423628478945293
2005-09-01,-46.996154644117965,-46.9885194109205,-55.64500066925013,-38.267169498956214,5.330785570780603,-182.69848558659464,-182.4436642820518,-217.52150822643213,-147.12368139138417,21.304381491621918
2005-10-01,-46.90413511304013,-46.909314873930704,-55.63633452443169,-38.119148873143345,5.337469980408809,-181.946155698442,-182.19628087001675,-218.0088888446679,-146.95382499163074,21.581714232941295
2005-11-01,-47.05257993937262,-47.08270611367905,-55.979815647169325,-38.171973691203426,5.37927346694287,-182.42736378512384,-182.66455969982982,-217.74358930409875,-148.21253605942607,21.110153503158227
2005-12-01,-46.97675507286543,-46.978302688887574,-55.73541783456135,-38.26895311782563,5.317808437661624,-182.19269549420935,-182.19095839571526,-217.6303998113107,-147.4060766854347,21.211711953261418
2006-01-01,-47.064070803667455,-46.99811573990433,-55.55670641225258,-38.09748046984199,5.269285747872117,-181.8383628336773,-181.89427409727526,-217.26210600961045,-145.82341447573185,21.462706335247905
2006-02-01,-47.03620595207316,-47.000422435539015,-55.55258608230484,-38.3555696815699,5.233703176510955,-182.10770502146033,-182.33569083946097,-218.20524800538533,-147.10799401222792,21.474495821090716
2006-03-01,-46.8907286280798,-46.91925006631896,-55.62464304094155,-38.17866012830187,5.3406356107223445,-181.20858911833812,-181.42110170548327,-217.21921141427052,-145.20827116181155,21.667555803967282
2006-04-01,-46.842311237479336,-46.9391034358934,-55.676320770458545,-38.18217993266994,5.359081683953215,-181.99988182994628,-182.04905355003459,-218.10040311069557,-145.95120600925162,21.594058962477174
2006-05-01,-47.0498127157706,-47.08983862260973,-55.66557717527171,-38.43213596312786,5.231162000036349,-181.94890337805057,-181.85310656794152,-217.66947582079052,-147.0909381389162,21.376020956145652
2006-06-01,-47.00255664237536,-46.99880885756483,-55.7461756040287,-38.17675889754259,5.360818980483976,-181.68918104465223,-182.06347054650578,-217.43684274317343,-147.04307590230582,21.545453365134573
2006-07-01,-46.8427453983508,-46.87937145004712,-55.62922973016228,-38.13616205963548,5.280907350557091,-182.23078864688355,-182.26085084728362,-218.75362284819175,-146.67729325954045,21.599579139884625
2006-08-01,-47.0085310588626,-46.937595056521374,-55.68507642898435,-37.99101594565113,5.377464404003506,-182.14651864776468,-182.2482912866771,-218.0487305400207,-146.9160561621157,21.44176509660813
2006-09-01,-47.032516737771154,-46.96952988603254,-55.8085852966674,-37.98426026174442,5.361986935227537,-182.0454402050645,-181.8214915311353,-216.54502003963646,-147.2961547423072,21.15781162973004
2006-10-01,-47.067346737958694,-46.973106500851216,-55.80327848834656,-38.100137394767735,5.342879468051151,-182.36099282378711,-182.42963619231404,-218.3922269677641,-147.40530026242155,21.258135135408374
2006-11-01,-47.06388943100376,-47.06576766876456,-55.72282034313025,-38.47275582388962,5.30057374861776,-181.94728950091903,-181.99119411144721,-217.14454857355653,-145.51037839764876,21.687197727186472
2006-12-01,-46.88262833559382,-46.9421405678938,-55.501384779429806,-38.136901224602354,5.236345915235173,-183.1471136090663,-182.96963918924226,-218.08859194598787,-147.59435295188464,21.20648645065238
2007-01-01,-46.997272572647766,-46.99044758029319,-55.70143490988065,-38.30542871927103,5.296554674534788,-180.93589538966725,-181.5669519634962,-217.2881459071826,-146.67830797265628,21.35969312528383
2007-02-01,-46.96049078329189,-46.976831283207,-55.69238649847406,-37.98077081932643,5.321062044461022,-181.69237116849968,-181.74323972558327,-217.3906874174172,-146.56797701436312,21.636437940112454
2007-03-01,-47.04140714106727,-47.06714691606548,-55.876805933321705,-38.54250473991602,5.224772370485951,-181.47161109799652,-181.67844457444494,-217.75630246104177,-145.9672198041589,21.8311490466168
2007-04-01,-46.92490139585895,-46.95451661499526,-55.67877341315562,-38.19797877530825,5.370716003730192,-181.31393568680647,-181.56933124527802,-217.14986062385336,-146.13601998318464,21.561516649567075
2007-05-01,-46.97939191405494,-47.01044323965842,-55.88817173811552,-38.24015829498386,5.37103527381697,-181.41581435320214,-181.42574829153187,-217.40259407548254,-145.80137917625373,21.763725355421084
2007-06-01,-47.11298463027927,-47.04162424705429,-55.623924191416755,-38.3248281340713,5.287795242827449,-181.65550043951254,-181.89551360205118,-217.89409345295084,-146.4126980189455,21.723731067225643
2007-07-01,-47.059640984735395,-47.09644774869617,-55.72865383055026,-38.35974767967467,5.274126709475707,-181.80136648911332,-181.61006801319817,-217.2772551942261,-145.5399663122968,21.774545079717605
2007-08-01,-46.84212450533346,-46.90771858507746,-55.72594284278101,-38.19322023335461,5.2855306564123525,-182.53561402638144,-182.5618789667586,-217.9836610597241,-146.9041609828006,21.4744270359879
2007-09-01,-47.15385318030755,-47.20721331327165,-55.86658764583812,-38.32769361661655,5.307438649519848,-181.81413055566708,-181.77920438673675,-216.40940802534095,-146.96063349636495,20.940894025185944
2007-10-01,-46.97432003940274,-46.96611491042051,-55.79068168901734,-38.30595351209857,5.29362259081824,-181.929350731874,-182.02620493663662,-217.94902833540615,-146.19380096148936,21.55363514853421
2007-11-01,-47.05319029124695,-47.0556139087649,-55.80063860774111,-38.232167718537404,5.280241194540692,-182.8242151923306,-182.36093625192797,-217.69203146913844,-146.5807551834243,21.48355925273631
2007-12-01,-47.04920771025588,-47.031842172233,-55.529160170076,-38.36656117305682,5.249748097051228,-181.6330804095589,-181.7870794800429,-217.15649914694987,-145.88545918511193,21.381620813946306
2008-01-01,-47.13657514348618,-47.08492025998149,-55.69141939405824,-38.345553243914544,5.2425396796730634,-181.5423984266461,-181.92688854159843,-217.24432630287527,-146.9734100639467,21.322533177555165
2008-02-01,-46.97624468192694,-47.04946372914384,-55.966129853605516,-38.352200237293594,5.315875428252643,-181.99072334769272,-181.94754792439383,-216.57983430134777,-146.69366167464435,21.17159400820586
2008-03-01,-47.005983081315776,-46.96761241217479,-55.635022591297265,-38.30516709312272,5.267172743621859,-182.2988804318145,-182.4074118031786,-218.19986857182138,-147.20635433292352,21.674750398087646
2008-04-01,-46.871478741135114,-46.98299206411179,-55.79456783671915,-38.35040751818002,5.305431833700827,-182.08925048756538,-182.2707873354474,-217.52536478894967,-146.08014535232968,21.48769590499627
2008-05-01,-47.02906364715003,-47.0540529706079,-55.69403534562379,-38.43855181011212,5.295714241836355,-181.82351797307547,-181.44826243930544,-216.6958628156454,-146.00503084183447,21.436739406007348
2008-06-01,-47.03034649692948,-47.07379360843171,-55.90443298476081,-38.38069757170657,5.305365025595165,-181.22642635453155,-181.57478924678742,-217.86454159248453,-147.04487354860842,21.632634559878102
2008-07-01,-46.86295167106678,-46.88785376883163,-55.63512581202881,-38.169072283567644,5.245561428874086,-181.49273587295335,-181.82636102766554,-217.7735286520354,-147.2264241537488,21.37647732950404
2008-08-01,-46.977201090668984,-46.98961727564141,-55.71794778955298,-38.131159283870716,5.337132769319005,-182.25590138852823,-182.14015994472393,-217.46591968320487,-146.96324296138718,21.52975063158664
2008-09-01,-46.91385721053014,-46.93377125627687,-55.880692336550155,-38.16136974051101,5.334362716142774,-182.37169112808414,-182.48313715108992,-217.7741925214219,-146.90818022814327,21.55218251175975
2008-10-01,-47.1335947208548,-47.0845652759403,-55.884423482069494,-38.48338675978145,5.3156604428439005,-181.8011024076564,-181.62964936638465,-216.09674083388705,-146.01164728909427,21.55047396851784
2008-11-01,-47.07061504455122,-47.066410618786435,-55.763546390867475,-38.10293621131313,5.33064915352627,-181.8037992421211,-181.44233365973474,-217.26370896454358,-145.67123363921706,21.452186844943363
2008-12-01,-47.27109029459312,-47.13053901882887,-55.957244047904325,-38.320467838338466,5.457682467781599,-182.56947300753444,-182.12811907918106,-217.3853339132439,-146.63027613039688,21.446847223675995
2009-01-01,-47.08253642204482,-46.991567449367174,-55.72048166351316,-38.327628568917625,5.287865341270432,-181.5756377824904,-181.763614410326,-217.01651272462811,-146.77169117435466,21.378284521977807
2009-02-01,-47.08824329044215,-47.01110438205888,-55.64100046468256,-38.22935781031621,5.30455231972504,-181.85904795433294,-181.7528915447265,-217.29856527232533,-145.62572754796213,21.690946596082686
2009-03-01,-46.994975120964384,-47.10186169481388,-55.97980333655579,-38.4378468551629,5.277892151059105,-182.1547061550226,-181.924481884368,-217.53543161597304,-146.83789837779625,21.298399467284302
2009-04-01,-47.08580288544147,-46.96210100173803,-55.3584512875408,-38.099529606095224,5.2652705590862725,-181.9471725378362,-182.06619847764642,-218.42175078486036,-145.63691312009584,21.77109844608915
2009-05-01,-46.88561839128247,-46.963438107662355,-55.75213660208226,-38.27751256688948,5.303089392576617,-181.39437063573848,-181.3285753232879,-217.28954332383478,-145.1162795542213,21.87532217032083
2009-06-01,-46.93035851978504,-47.04602760571198,-55.8739033909462,-38.342451720541675,5.275529921704353,-182.53708220267774,-182.32930646351687,-217.97289100776104,-146.2941828468406,21.45219766262232
2009-07-01,-46.93516126012082,-46.946890158722965,-55.689641806430195,-38.1957653265311,5.321317782296754,-181.95945706433025,-182.00772735675895,-217.5899746641774,-146.85979335520142,21.36467915559686
2009-08-01,-47.029785817895686,-47.14953835715931,-56.1936746886545,-38.43063331557832,5.400624804082432,-181.97969704002924,-181.88208721121103,-217.35152777403732,-146.43473582429354,21.50164574940273
2009-09-01,-47.010647764297914,-46.97301896198589,-55.92907110846462,-38.055615964029236,5.340919596692108,-182.18646019495696,-181.7129535968436,-217.09635513081906,-145.56162206677314,21.629854901499286
2009-10-01,-46.91046113180709,-46.89425126500694,-55.71155331793752,-37.849876080356196,5.3548768407608405,-182.41260423365486,-182.1450907261434,-217.59854815346822,-146.820594977884,21.348892081224616
2009-11-01,-47.12215751343345,-46.97419598106813,-55.6835867898984,-38.071082810137426,5.285732998136645,-181.47801400921315,-181.64974285567664,-216.887995349957,-146.03009589253503,21.46229385830728
2009-12-01,-46.78751767452973,-46.85343476140874,-55.710148270196456,-38.03588896103234,5.291582614391067,-182.14275870432866,-181.8700378490287,-217.30311668779004,-146.59606152363014,21.51956663044452
2010-01-01,-47.02879052040426,-47.01806765187411,-55.782815205773126,-38.182367087408075,5.324978998156954,-181.54896393736516,-181.48797883734588,-217.50019122014635,-145.8752042599021,21.549270068049445
2010-02-01,-47.17318806959855,-47.18832713171684,-55.86934750719339,-38.59839620408074,5.284161253850014,-182.02031567358432,-182.1302419284201,-217.50714821782483,-146.08081571402707,21.496479910484158
2010-03-01,-47.00975756170379,-46.99333850414928,-55.69959923601631,-38.44115847166428,5.263723024900172,-181.32858928877346,-181.40973533070664,-216.59366623798493,-146.8801152589497,21.161186246817362
2010-04-01,-47.055778737479756,-47.00830199170756,-55.51409197921634,-38.339652905283245,5.270027093263644,-181.72709570868068,-181.9049182985248,-217.84188164545637,-146.63240643640597,21.70147020021447
2010-05-01,-47.020915430278066,-47.014437962376995,-55.995030599896,-38.13528781442745,5.376448533023413,-181.54015707243443,-181.4180939892133,-216.56671655184314,-145.1166915808442,21.545884277459667
2010-06-01,-47.125904531692186,-47.02206249516612,-55.6592473739559,-38.32703952073727,5.281748041583646,-181.1112057759157,-181.63333400712918,-217.30355416851177,-146.85399230096695,21.333707462064524
2010-07-01,-46.970084862884605,-46.94330609433277,-55.55943802905826,-38.077539398546705,5.363753010282951,-180.85459677316555,-181.32463552999528,-216.38844387420065,-145.73615032928876,21.46585398486548
2010-08-01,-47.12396616231473,-46.97469772135809,-55.71492849346433,-38.088634795036356,5.3533695957085765,-181.49900894923425,-181.78231427650402,-217.8187224924423,-146.18289428684358,21.839527322949387
2010-09-01,-47.05159564914218,-47.043111087449965,-55.718864151947415,-38.37902761407051,5.304872193945986,-181.6189609367534,-181.70469658765515,-218.0415326994892,-145.81634031397866,21.739204891484427
2010-10-01,-47.11287127991346,-47.016342461374826,-55.77468469547846,-38.20286532020685,5.33044410051955,-181.74109291999412,-181.9230069689605,-217.72337277607534,-146.18001221637758,21.671937453072974
2010-11-01,-47.03202599441188,-47.00089984879674,-55.69048303351948,-38.376655829763486,5.269841550618009,-182.34389800383843,-182.62798670463678,-219.24002340192843,-147.84035743845996,21.418714121414066
2010-12-01,-47.173335774067624,-47.1531139218092,-55.80587277640151,-38.193392490147424,5.355390011373691,-180.82492252192992,-181.1998683650366,-218.05644374861362,-145.67333328955613,21.67020818829337
2011-01-01,-46.99718705680166,-46.97618482182118,-55.57402624064473,-38.413674812995296,5.245558377015665,-181.83906550150488,-181.87631065752961,-216.8683565457865,-145.55818299299605,21.587353569215484
2011-02-01,-46.88709675258993,-46.970336211069565,-55.596382102898914,-38.17172068465053,5.293637403713156,-182.03571936844278,-181.87516902029196,-216.8630927159162,-145.2840631630741,21.775120957416267
2011-03-01,-46.85845150591748,-46.98770285852829,-55.7866865144863,-38.34691131278424,5.297239674538676,-181.29906705555464,-181.57905284347305,-217.56040119272052,-146.20851079432452,21.637849448597617
2011-04-01,-46.96962054958594,-47.00094831571282,-55.694968911132825,-38.3249964743018,5.247289059079901,-181.5875844031117,-181.9485025144556,-217.8999273794348,-146.53172692890075,21.626078273750178
2011-05-01,-47.00131631412758,-46.976524859961735,-55.67835358385556,-38.05537304158231,5.248074049393984,-181.39030770313033,-181.6247250586136,-216.8913710973521,-145.80847333014273,21.551138719959447
2011-06-01,-47.01990584679636,-46.93929093410064,-55.570922266745285,-38.026654413460626,5.318561156979407,-181.4498073406528,-181.85858988150548,-217.54638290289316,-147.11565908846424,21.370927710003023
2011-07-01,-47.15811853984262,-47.11053981105822,-55.85396621526069,-38.34765726936244,5.267418438585812,-181.92626972805863,-182.00962647846396,-217.9422331959626,-146.1761347218599,21.408359749683726
2011-08-01,-46.93384260346245,-46.9917066119127,-55.74967587072391,-38.25156209444286,5.3229649035658335,-181.76062258149523,-181.4732696088678,-216.16875190090272,-145.7279919814161,21.23506669568964
2011-09-01,-46.91965910542659,-46.98818054970042,-55.96812265307749,-38.14058840326203,5.379052396684011,-181.4493377370483,-181.57326803025984,-217.68845176713648,-146.1965457563892,21.781959081024866
2011-10-01,-47.159823644894146,-47.11186908916584,-55.998394266200236,-38.26501969596054,5.359698108819506,-181.52881290075007,-181.56500069175743,-217.47110770022405,-146.6843096950643,21.70525852092335
2011-11-01,-46.95267298490843,-47.04015782956522,-55.862058435638026,-38.29592571085221,5.342885344937665,-181.63981967753864,-181.44947168437844,-217.30217590691993,-146.29686940928886,21.304090666320754
2011-12-01,-47.03686569073042,-47.10837088952174,-55.74952951831509,-38.29142904858959,5.283041475531409,-181.50086648177847,-181.3424588401135,-216.74262058758887,-146.0050632842281,21.308848287134026
2012-01-01,-47.08176607657386,-47.06625669598101,-56.23639888220356,-38.13470468517388,5.4072189759415865,-181.53279079012333,-181.54356510109372,-217.0033536208653,-145.8338866415452,21.56055418698843
2012-02-01,-47.12422103607446,-47.076769366395744,-55.9415365522044,-38.23240839920969,5.298122537726617,-181.5278742824521,-181.4230152622771,-216.4949096714913,-145.62922788399658,21.530920163731533
2012-03-01,-47.07469765088507,-47.08957808856788,-55.91302989132974,-38.3790221136337,5.325747684918674,-180.98753413867436,-180.99589941397605,-216.17406061865034,-145.15742085311757,21.400876528705854
2012-04-01,-47.135976698882956,-47.11242891966188,-55.747877738702215,-38.44281549580365,5.238688066999346,-181.0350577884033,-181.29478384566923,-217.36070555543034,-145.7005749609522,21.687972523164795
2012-05-01,-46.981995736276886,-47.029899601862134,-55.89313303925765,-38.342293953676844,5.280330251574782,-182.21727168556788,-181.79999610769042,-216.69630030918452,-146.5119586739917,21.490350155870658
2012-06-01,-46.98795588534296,-47.032148073255804,-55.773361829343244,-38.193139832243006,5.324223364317332,-181.32423694432526,-181.2368406790547,-216.63741208342486,-145.36492943734387,21.590584711598826
2012-07-01,-47.0198833516413,-47.105965756039,-55.83644896650943,-38.282947584395096,5.311384098825055,-181.51762631093732,-181.1410787416238,-216.4838163436888,-145.72942354227368,21.362193926479254
2012-08-01,-46.93506052414886,-46.9074756990368,-55.70826164161712,-37.95119376500799,5.323738399709557,-181.21971448359056,-181.23367467516672,-216.2519537084795,-145.30602313371838,21.450352331332326
2012-09-01,-47.22466718606789,-47.13729227064008,-55.91789964257657,-38.21488826162036,5.383189966820135,-182.12780099142464,-181.8385142807381,-216.9126290184871,-147.15357974718293,21.41061323245295
2012-10-01,-47.10023730566651,-47.1880742009127,-55.97451875969714,-38.63271683355394,5.280588409042085,-180.84869812738538,-180.95075139636992,-216.89133184898077,-144.6090576521379,21.801871167936227
2012-11-01,-47.123136991685584,-47.01516649785619,-56.02654035016475,-38.226212665444386,5.367348610648445,-181.72490464726488,-181.77474818894524,-217.8832882012263,-146.59243936330716,21.742373615466388
2012-12-01,-47.091849114208685,-47.09541299382537,-55.6438286412705,-38.37382908745663,5.267603464378591,-181.63662256692606,-181.65572354974648,-217.54899943146896,-145.54567528111875,21.76900459741425
2013-01-01,-46.94734353699105,-46.94674816756438,-55.60421086888107,-38.36195874571992,5.325574510617089,-181.62799796830058,-181.53298310322728,-216.65696432161627,-146.79043797373328,21.354595651712646
2013-02-01,-47.0748440988216,-47.0861192869133,-56.13554820150302,-38.22971595083944,5.390765703517827,-181.62431432091307,-181.6528549827802,-217.68526374063555,-145.7682986973978,21.81199471533894
2013-03-01,-46.98885401970563,-47.055573162928546,-55.957347893316886,-38.21699029764683,5.370279865934431,-181.23350493136485,-181.21282946289162,-217.8473709105569,-144.67404751170463,21.821859497136693
2013-04-01,-47.090781495276275,-47.05575626748134,-55.88708582936554,-38.37960834986333,5.329351918286251,-181.12118305464776,-181.24508847329574,-216.97123165447994,-145.76918243596697,21.453039753756308
2013-05-01,-46.86556289469781,-46.90431267623212,-55.58277077761641,-37.976984552693786,5.353436874428763,-181.82280199631856,-181.92011998265377,-217.85090090685298,-146.41584989100397,21.692755401359555
2013-06-01,-47.076889702054,-46.994623911708715,-55.52590183975146,-38.30043169013235,5.252538150229115,-181.55329330173703,-181.14692868276768,-215.84980444485703,-145.82261372095957,21.50204534643014
2013-07-01,-46.98530341375248,-46.95585233731797,-55.758291241892266,-38.11263983708896,5.348021547700561,-181.6287951104934,-181.79397146952533,-217.78144174340775,-146.33567790097928,21.646029179580847
2013-08-01,-47.02769165698145,-47.02960273346491,-55.659444874564564,-38.429183786642085,5.261618630912985,-182.3283951099017,-181.86525049552546,-217.09169666292806,-145.36242676990022,21.675698970062747
2013-09-01,-46.96151422021836,-46.98170414300339,-55.76857571316109,-38.05399169600842,5.345259764113884,-182.22770322242934,-181.90425484117242,-216.53179952982424,-146.7935819189481,21.200159012467537
2013-10-01,-46.89312353700285,-46.91200092815134,-55.9118578919929,-37.964654066629954,5.36802469427419,-180.93754022574768,-180.88127294411777,-216.49830200709235,-145.7134131974067,21.5598053996312
2013-11-01,-47.139464181927075,-47.15440430045517,-55.81598929438224,-38.31643006770218,5.3195739819749575,-181.37686513531406,-181.41376048834584,-216.84201730015516,-145.60301689111876,21.629908239702317
2013-12-01,-46.87720372634059,-46.856503975286465,-55.793854952673186,-38.1764256337165,5.316138060631691,-180.64355594124444,-180.6276081711391,-215.39305216950564,-144.52103797138508,21.393485665381988
2014-01-01,-47.00140020575729,-46.9379816984132,-55.981957200696854,-37.96209351471154,5.408381990709565,-181.47196943016593,-181.23011463481984,-216.08380029542286,-145.60074345094586,21.44149998925217
2014-02-01,-46.97726981397291,-46.99441571962181,-55.88391256308656,-38.208748389694925,5.317628584301851,-181.93616111514228,-181.8074819490012,-217.6195406061532,-146.11145937861903,21.625632267287052
2014-03-01,-47.14800810938638,-47.072847948227086,-55.78675511420576,-38.125604861371805,5.329424845949349,-181.21817466020144,-181.76482465009806,-217.80749083193894,-146.0922463639067,21.753839675490376
2014-04-01,-46.94049606712626,-47.02367143985565,-55.81806591659825,-38.22490433171491,5.333622131150753,-181.05241992705606,-181.42242461606438,-216.91962632799675,-145.8848499352825,21.561875028137386
2014-05-01,-46.837859549430306,-46.88557504460274,-55.36816172707088,-38.260867400163946,5.256438200738934,-181.53537497594812,-181.43870833087786,-216.75667719436584,-145.2125116655289,21.78896314457727
2014-06-01,-47.1500549482471,-47.098966461491095,-55.695379411200925,-38.18697165434679,5.300032638240917,-181.30640275717423,-181.58945496490398,-217.3401356321839,-145.9199683784372,21.560193777610234
2014-07-01,-47.03378078860143,-47.01670214862641,-55.96299364898576,-38.237593935075225,5.317080617349413,-181.14777468887104,-181.2710455445251,-216.22615973295817,-145.7374997202598,21.44645523598134
2014-08-01,-46.9793080696811,-46.99175548918133,-55.7442268850235,-38.23569644716559,5.344483890751179,-182.13103182124095,-181.67058850252698,-216.88465071646849,-145.52431737767824,21.568239158790814
2014-09-01,-47.01227617742995,-46.98547495488785,-55.80545710477612,-38.20917902718278,5.341670887148956,-181.33370372489497,-181.16612503610776,-216.65011330592623,-145.13494942429838,21.73302080378836
2014-10-01,-46.96394204792223,-47.00605737621171,-55.846594568069534,-38.217744916883305,5.345495926988248,-181.02327778929407,-181.06780935953185,-215.855503207486,-144.98160733077617,21.517140648227382
2014-11-01,-47.00980423376036,-46.986949392055024,-55.735135289447776,-38.16888595254838,5.335931387101463,-181.36171578651914,-181.1701518324985,-216.834590224863,-145.15164275863282,21.675837058505216
2014-12-01,-47.05513739184256,-47.086505697261295,-56.05078183488393,-38.086003310483946,5.3839917163104065,-181.00007026315933,-180.9434703644489,-216.48199476696928,-145.53631443557921,21.595491733959232
2015-01-01,-47.27922926752238,-47.20861932234838,-55.94653369028306,-38.61920132328056,5.278083147258227,-181.07726229629446,-181.21268424113927,-217.16765329625392,-145.16700692447247,21.61505522623033
2015-02-01,-47.01888258366677,-46.94708836713389,-55.77078188861193,-37.91766140254834,5.354157608558476,-182.5356030501414,-182.23986811027484,-217.43087261669132,-145.8420875708695,21.668688172791065
2015-03-01,-46.95684857038741,-46.9566141502756,-55.557386487158205,-38.00928595286774,5.323190188468,-182.59546187596067,-181.9810296379371,-216.92132888650275,-145.5674427594423,21.61868128141541
2015-04-01,-46.8735350821549,-46.88051406883675,-55.58529120418701,-38.318106621032335,5.240361318017687,-180.9110435966153,-181.2552551332879,-217.43453884664265,-145.5544714476292,21.818149517974266
2015-05-01,-46.97497576284297,-47.02704609828071,-55.77113228606281,-38.370213893528096,5.231599128529946,-181.2997864140038,-181.16439343552506,-216.92343570629876,-145.1818931848805,21.69893033596307
2015-06-01,-47.07065821573238,-47.111344269959176,-56.07697840432885,-38.325888095035374,5.363361911267059,-181.59533927304767,-181.49817548510052,-216.94213049430584,-145.5320120316125,21.617804905916483
2015-07-01,-47.050644062195694,-46.9824719594831,-55.843826285901876,-38.13689578360408,5.392580599041941,-181.24861601339774,-181.25224060233288,-217.98970662068368,-145.1338255858346,21.691466676590828
2015-08-01,-46.9180040736689,-47.0033528715351,-55.84692141075227,-38.29054924936252,5.323329330772468,-181.09793479709978,-181.15103238983443,-217.55720354923042,-145.37395010784044,21.529453743170365
2015-09-01,-46.930461875087445,-46.95986101925689,-55.92259989367212,-38.263617006728616,5.365593656789108,-181.36484408299194,-181.05368403126985,-216.38185892654724,-145.79426068311437,21.48597887232477
2015-10-01,-46.90619059750074,-46.959325516381874,-55.891550705071694,-38.443675302728806,5.211920630112116,-181.046831437503,-181.08288409836112,-216.64783775407622,-145.17513112330514,21.633744710279455
2015-11-01,-47.01189878192661,-47.08234541481191,-56.04811535598671,-38.30294682180816,5.328830995401385,-181.21459173970527,-181.5294805481175,-217.52719379511097,-146.25835445052482,21.802889042314977
2015-12-01,-47.06208448286503,-47.09680944637744,-55.84323446755536,-38.25489768581055,5.353371831521286,-180.7533675165767,-181.10343201950775,-216.43513084182996,-145.89575592432638,21.396318549290445
2016-01-01,-46.950469890401024,-47.014034228344435,-55.94772109833939,-38.064777373199234,5.44248137805081,-181.33095339634855,-181.2384229864121,-216.1481460308769,-145.45876772863235,21.40231729339006
2016-02-01,-47.03641063647382,-46.95613176031026,-55.70891238127598,-38.185387049898225,5.3003690241458585,-181.4327197149767,-181.61031618376794,-217.9655310510644,-146.08038269877912,21.701976256003125
2016-03-01,-46.90055464432558,-46.92891116840556,-55.75829407579789,-38.15519182971095,5.315215691083264,-180.93285666102088,-180.96835139520752,-217.04121952591265,-145.858650012696,21.662686943717723
2016-04-01,-47.07183967420845,-47.04215134316831,-55.75936765005545,-38.03361678349244,5.3614567299219305,-181.64338707863038,-181.64166750942147,-216.93583140175895,-146.27489308177755,21.527563927813127
2016-05-01,-47.003743931549636,-46.98312203537196,-55.85952071271165,-38.038257813390636,5.360965403247573,-182.23854039211238,-181.86325549089565,-217.85784030349026,-145.7913761663121,21.757236469558322
2016-06-01,-46.87961000909706,-46.89211271828228,-55.528558276860984,-37.971836364893576,5.32016093761796,-181.92696500073225,-181.675202471565,-217.74924370406055,-146.30710137038082,21.762569808610184
2016-07-01,-46.989354288344344,-46.96406562485064,-55.868787324723804,-38.31228987834772,5.321638355502094,-181.02592802562702,-181.36541950973057,-216.80818030336437,-146.0585664557688,21.53510569886024
2016-08-01,-47.22176150467289,-47.183813619581386,-56.006992778815736,-38.44078715377257,5.297718705070044,-181.31827954529248,-181.36062003934381,-218.8322084518462,-145.59813809563548,21.97221269605061
2016-09-01,-46.821467285944195,-46.95008341944633,-55.89036391786825,-38.25169808199951,5.378140114949913,-181.72809882217422,-181.32385699283356,-216.99978087570926,-145.00758786964414,21.70469965136211
2016-10-01,-46.849763949191924,-46.802257877743294,-55.6424875859848,-37.98234109987152,5.358895182535097,-181.40902244175822,-181.15045554882272,-217.06366666682138,-144.5072108762892,21.926811596515922
2016-11-01,-46.92232275688524,-46.98398352680324,-55.925365446653636,-38.221974134679094,5.344329514631364,-181.53513005218923,-181.40569271425736,-216.8310621104603,-145.43225919792042,21.755552492991292
2016-12-01,-47.07191684978314,-47.00751799534839,-55.994038987389565,-37.910601223583846,5.472768370056771,-181.56278665308076,-181.89200624896117,-217.65118336129868,-146.600736268418,21.460427677852167
2017-01-01,-46.858187152639275,-46.94339990912242,-55.96772553528614,-38.02402475785241,5.401104383228763,-181.08006402562845,-181.22339631627406,-216.66922690647084,-145.98266818061657,21.541975531202947
2017-02-01,-47.16823773307445,-47.11566646492167,-55.9345397290207,-37.98938124886901,5.392778908648107,-181.82332598961153,-181.6719232206132,-217.3414324314171,-146.23744349878595,21.437192901382847
2017-03-01,-46.88622600131099,-46.90231216244561,-55.841701954083774,-38.08946565095479,5.367367207942575,-180.87291435945818,-181.24845103669713,-217.3061687966148,-144.52622221960587,21.924198552687212
2017-04-01,-47.00323949023807,-46.968974184327045,-55.72889076850585,-38.046468443967925,5.387659932662647,-180.69087450624457,-181.14445769402252,-217.66445919643613,-145.99279291529146,21.715860216632986
2017-05-01,-46.91215214650369,-46.96399427235354,-55.825211107862444,-37.94585648695217,5.406208613664367,-181.19576836758972,-180.95562590264043,-215.85562335913127,-144.39100553813077,21.680045026079846
2017-06-01,-46.962639110091644,-47.00254125576389,-55.816196843438654,-38.36694654697516,5.278789869129461,-182.20628582769464,-181.85056904186644,-217.59053364684897,-145.48320480029233,21.828462313231995
2017-07-01,-46.94966908810111,-47.060615615040575,-56.04075772722132,-38.20841410924677,5.35516328101649,-181.30039526412796,-181.37264725481296,-216.86251601872257,-145.59280830543986,21.512566804169666
2017-08-01,-46.9657676025597,-46.98156885508024,-55.733572958795364,-38.461943760861914,5.271472560023131,-181.7147667321803,-181.4693958360667,-216.31495980125982,-146.6116611977047,21.42144904497363
2017-09-01,-46.93525150004612,-46.97823952349959,-55.85496210553423,-38.18406088194866,5.289937741593879,-181.57807643167365,-181.22447720208893,-217.30706193374968,-145.0205285244888,21.985185016317967
2017-10-01,-46.92839679920212,-46.99426972171855,-55.786327912661505,-38.23123508067704,5.3272412790712735,-181.31060493446998,-181.38720241584062,-217.74552179916583,-144.88371856561866,21.763960368686682
2017-11-01,-46.94353597404458,-46.93406556832298,-55.79475774605383,-38.06713617566274,5.320279365227451,-181.75230657765258,-181.45021616161404,-216.924363736274,-145.42742303477118,21.572199403695514
2017-12-01,-46.98075907630028,-47.04856656926464,-56.111603065424944,-38.33720295279806,5.314044153079638,-180.74976211153694,-180.5333080838961,-215.66546619508043,-144.11640439808926,21.7530276986449
2018-01-01,-46.81872476474089,-46.89308939148735,-55.67781217911177,-38.0611196617192,5.323855354166944,-181.47311942902564,-181.60276569541372,-217.8207238800217,-145.7679261875073,21.701531387479655
2018-02-01,-46.8855748429535,-46.88326719407695,-55.573534252157096,-38.19027199235535,5.301880672161601,-182.3493832355571,-182.10219183638677,-217.45137904926952,-146.47973995490406,21.737701498419113
2018-03-01,-46.98574757369839,-46.915055531685375,-55.555016168520766,-38.22140195103247,5.288648706064595,-180.98860139889877,-180.8414403057169,-217.3096319830742,-145.01746736427438,21.965177530158677
2018-04-01,-47.1135497234104,-47.15324586968608,-56.1792999547619,-38.41480207052975,5.3756232746220265,-181.9761025253918,-181.69661761079823,-217.30379593549497,-145.92102800734315,21.67021736982813
2018-05-01,-46.95679872143304,-46.938814589564515,-55.779029463961805,-38.115231435648546,5.351326987977886,-181.44300006161782,-181.21226721320124,-216.7412708354887,-145.72813781700467,21.73626728039771
2018-06-01,-47.154154403126206,-47.04907141052807,-55.76910942516101,-38.476290434592755,5.249313271634217,-181.6608455425822,-181.46651108962996,-217.1341091956687,-145.8314131579134,21.697537221309908
2018-07-01,-46.94068445991665,-47.00345291865475,-55.84809853111424,-38.21449545061392,5.321792259406968,-180.97013996143136,-181.10568533536602,-217.2575279435966,-146.69132525204736,21.57417161190716
2018-08-01,-46.99237286793684,-46.97580544838853,-55.69552698318926,-38.31881517492355,5.283597771899066,-180.6163856977214,-180.57177582434144,-216.0587819347207,-145.256488154889,21.673988091531548
2018-09-01,-47.043746795340226,-46.98424104663711,-55.63859441916983,-38.09779548993891,5.319876929185348,-182.33868702132767,-182.12913583824638,-217.90799737202278,-146.0663263030213,21.88904731202695
2018-10-01,-47.001028342208585,-46.994027815288774,-55.872629684526096,-38.11963229497607,5.385745305436418,-181.91142436291523,-181.71922494394536,-217.74974156341662,-145.6476085593333,21.855892411527705
2018-11-01,-46.98885204258488,-46.970997837551046,-55.899004268096384,-38.12415604292706,5.348634608018292,-181.46114637652528,-181.42282136028618,-216.7496960952391,-146.09015871653378,21.60071512427759
2018-12-01,-47.01581673322721,-47.103421752937685,-55.97061469709383,-38.470462768666586,5.288123299087273,-181.12223054335175,-181.49411503140522,-216.1376226324978,-147.11965836374594,21.051626442272276
2019-01-01,-46.9864232964528,-46.99111147225498,-55.81809118060889,-38.16794001686024,5.377669407186302,-181.63177486346774,-181.54606176856913,-217.65828050636682,-145.50593080372312,21.830474208474495
2019-02-01,-46.994232599309115,-47.02788012822535,-55.83631574869031,-38.35100812528673,5.292831466167897,-181.6161097543167,-181.74181223955242,-217.2926775595586,-146.06611984336845,21.76334155706324
2019-03-01,-46.92788542277848,-46.970874446259174,-55.774796680305066,-37.94772858152366,5.392092876999016,-181.1348403468051,-181.2427380690767,-218.03715687895462,-145.0125088419636,22.004628276088525
2019-04-01,-47.04559904849198,-47.00878791006272,-55.89783521804862,-37.97586814524096,5.41148583815482,-180.89463814370856,-181.23544462665342,-216.9288926965348,-145.70012880307914,21.805530153517495
2019-05-01,-47.1532547745032,-47.1127263736496,-56.087029552884296,-38.39900809534885,5.438532501253129,-181.9677550354218,-181.51568349162764,-216.83485837516992,-145.15546009096175,21.52059284989479
2019-06-01,-46.99363026028425,-47.07168054891106,-55.92181769361649,-38.19267462371091,5.313669764560124,-181.5690311499601,-181.96159758764264,-217.86245297857437,-147.13514791295228,21.4575914302771
2019-07-01,-47.01330299926453,-47.07022080417038,-55.981762441752025,-38.32039364872482,5.31079880454889,-181.68257325747226,-181.5498161003669,-217.25966279203053,-145.09080490921792,21.902277054403783
2019-08-01,-46.974693341979716,-47.0219224022729,-55.85756438980288,-38.372808596149035,5.309723898661003,-180.71170425906018,-180.74521606295738,-216.66555330221286,-144.59526684348555,21.89689155670778
2019-09-01,-46.93635768904497,-46.98928061197434,-55.81452801882238,-38.137520593201415,5.349805775223896,-181.3221906016834,-181.60564539964065,-218.25633391316623,-146.10529239119433,21.621863391481924
2019-10-01,-46.97274111630454,-46.99112721029185,-55.836612636429855,-38.16028972236439,5.320120588528934,-181.26102361511286,-181.61975337075606,-218.4376824548006,-145.54843748972752,21.963696357275015
2019-11-01,-46.94031901009757,-47.04293266369681,-55.87629436208096,-38.38218507555945,5.3654602856138265,-181.47560993679983,-181.27699938086215,-216.51448536214124,-145.71844825158482,21.557775297490476
2019-12-01,-46.985872870973,-46.989713495201606,-55.83903111168901,-38.17276937565212,5.325142940335137,-181.5399997519322,-181.31519951377652,-217.27075047991644,-145.08021710449316,21.855408628816456
2020-01-01,-47.103984144895826,-47.17531638933938,-56.05482870642727,-38.42580747063754,5.341674876385415,-181.20470792263353,-181.26370362380212,-216.77557537848102,-146.06057896821918,21.57234322540837
2020-02-01,-47.054109431526676,-47.05138056782727,-55.826163791060125,-38.08179055660557,5.340370391738099,-181.91255491889854,-181.9063534074894,-218.4516080283111,-146.28956302383926,21.856152456221132
2020-03-01,-46.95296188724641,-47.04975189621701,-56.133013563939784,-38.09196083356775,5.41326256631324,-181.4074158017719,-181.42576010900694,-217.1143250766232,-145.72400050222225,21.63657041555254
2020-04-01,-47.114769411762964,-47.06792780232803,-55.69410907853259,-38.43905176275051,5.264305358845053,-182.02449375182374,-181.61728349019648,-216.85017484571713,-145.6527358830507,21.71411602474939
2020-05-01,-46.99098076672534,-47.013273052151845,-55.68083798124003,-38.01535182074141,5.30667707288756,-180.7079829086428,-181.12156775824135,-216.45516867188056,-145.80478892710832,21.469427230714942
2020-06-01,-46.95026883403973,-47.0072518369928,-55.83448270596402,-38.24926564910104,5.340390372619072,-181.93599042207617,-181.55780615148785,-217.29371859858395,-146.1410051411296,21.388790120415635
2020-07-01,-46.83120081854341,-46.9059797924092,-55.92148625489899,-38.15932333216776,5.354584135317479,-181.4205012483631,-181.11868232178608,-216.86251819294702,-145.57943236422182,21.644162547562484
2020-08-01,-47.01018989739252,-46.96161599859311,-55.699264770101195,-38.16484516902455,5.338189915756085,-181.42016528370678,-181.3550452095644,-217.2494930605427,-145.76364239310885,21.628317875409873
2020-09-01,-47.014304428486795,-47.046511199302074,-56.01385567787025,-38.08657816793958,5.390536117359912,-181.1629189226867,-181.4623432323317,-217.74123378785376,-144.5700385981396,21.966121493563136
2020-10-01,-46.97838954864566,-47.012434329067915,-55.95449255647541,-38.14147972321995,5.350360780720656,-180.39333324546976,-180.85283451067045,-216.43986927653677,-144.81260920296555,21.806471892429542
2020-11-01,-46.99683903978894,-46.91587866924388,-55.767996119504474,-38.1382824536305,5.319407191106698,-181.1599886033979,-181.44903656404594,-217.29219373160882,-145.69962747381737,21.605995380296935
2020-12-01,-47.14961899369523,-47.10854943824448,-55.93571641627687,-38.220626797535516,5.3759510281905625,-180.93060179565754,-181.10880318716895,-216.06405220117654,-145.64322290324898,21.49131838725838
2021-01-01,-46.89281916859517,-46.982753663096865,-55.867355884549205,-38.3537960720404,5.31422658662587,-181.26049850756834,-181.2018708083826,-216.6036632698683,-145.10573670426058,21.69630530856676
2021-02-01,-47.09838476307992,-47.06700264054092,-55.812002276199685,-38.127730778612744,5.352663748588854,-182.04521753750558,-181.78468168720565,-217.5011079724471,-145.06230401604316,22.050227976827795
2021-03-01,-46.874199492611424,-46.925079933102396,-55.74305090135368,-38.154158473591885,5.342658337510546,-181.33793340313508,-181.5922262209548,-217.92577053717085,-146.5267174321006,21.519662216195478
2021-04-01,-47.0025138955793,-47.04320294917136,-55.82748198366748,-38.58299533930039,5.227176580418882,-181.4845948414242,-181.2822376450406,-217.13455218286094,-145.08588734018656,21.907165631980643
2021-05-01,-47.09277407539471,-47.081472601740664,-56.17379466028315,-38.20136044378112,5.440742491228952,-181.91756590019733,-181.83970340397812,-217.947214430394,-146.27943003366877,21.641065375921922
2021-06-01,-46.92441502664346,-46.995219207483004,-55.81810192211946,-38.12144375225487,5.341006092320036,-182.24149551828168,-181.92434945076008,-216.5674333583003,-146.3788892252021,21.448485465507275
2021-07-01,-47.16309660452879,-47.07130671437143,-56.10517137989459,-38.366599859516484,5.359061543716442,-181.50589355154216,-181.42649916670635,-217.6219377651841,-145.5079263247606,21.61621682704886
2021-08-01,-47.178417844068555,-47.11138538228018,-55.783069930791015,-38.23164375225156,5.354021355554883,-181.23899832035613,-181.12783874077323,-216.9379978829358,-145.9471739856588,21.353432498778336
2021-09-01,-47.106850523106075,-47.041175957396135,-55.884660546375436,-38.11750038210763,5.378974968174006,-181.20207217369745,-181.31341152960448,-216.84425367629223,-146.13410934434708,21.468325257053245
2021-10-01,-47.00737759880285,-47.08335828147785,-56.036914277236995,-38.41437997518836,5.303169438026767,-181.06891618672972,-181.14384387314604,-217.6700867810234,-145.68879276071218,21.730394469392206
2021-11-01,-46.84502520355469,-46.835174967873634,-55.83503586745597,-37.785096346608064,5.41474527982682,-181.77556170813455,-181.67429807549684,-217.6725831902154,-145.97636781532316,21.793134292805043
2021-12-01,-47.021887944728846,-47.067935203887416,-56.08116481791106,-38.35447965212778,5.359600382782531,-181.13013309645783,-181.45780775785846,-217.3687997302847,-145.87724904576964,21.512496360183334
2022-01-01,-47.1683393361003,-47.139321008362565,-55.68418222819768,-38.339280414203095,5.236912516379319,-180.98985477145266,-181.13532740123975,-216.37119411822056,-144.4479321570244,21.731245245102784
2022-02-01,-47.09628351059838,-47.05662891947521,-55.84314884340101,-38.3401592444216,5.293026333902941,-182.03003604964852,-182.17894316708063,-217.5627547428182,-146.80416620835004,21.458610219646555
2022-03-01,-47.23085887661274,-47.23221411472711,-56.03139501360943,-38.24512559143346,5.3969247883415,-180.56295190318104,-180.66213966342698,-216.31391858797284,-145.85968972075844,21.398310595827837
2022-04-01,-47.07771265204806,-47.095282438569704,-55.862636486890494,-38.261669715166946,5.300023013222679,-181.61524397811385,-181.50150458083013,-217.87493321684212,-145.87125223720972,21.74207908947404
2022-05-01,-47.062500884070786,-47.060133182716996,-56.0448644671548,-38.36742133392573,5.398494087847315,-182.1746073230563,-181.92080779805443,-217.89821568399856,-146.1758830483256,21.663680201530912
2022-06-01,-46.99256853154358,-46.96547147206954,-55.62488471702717,-38.22374991982859,5.324079784400696,-181.3045694027232,-181.27920312591485,-216.4370063630408,-145.784273119739,21.589184018190647
2022-07-01,-47.13525729997252,-47.07709417527627,-55.792743005722755,-38.21955609968989,5.349440297408996,-180.94934884860692,-180.94586399411386,-216.1397506595157,-145.7636991586063,21.389787423512203
2022-08-01,-47.06128265414538,-47.114116615019725,-55.858446011842744,-38.116678948689966,5.373420686064907,-181.19941685759215,-181.29419172189392,-217.21459966842787,-146.06601394291502,21.680796984264706
2022-09-01,-47.1657672523024,-47.05799723428907,-55.65559073582529,-38.31984142215784,5.240337234190317,-181.9171175874001,-181.72497916771854,-217.45825645939374,-145.41324525793007,21.835798808833463
2022-10-01,-47.20723835356432,-47.06741074675452,-55.800084209435376,-37.98628355279404,5.410427516910323,-181.44601132899794,-181.09726367072835,-216.7151393285657,-145.084811127648,21.466125317601332
2022-11-01,-46.95040743390295,-47.00233412283419,-55.6816795330914,-38.26139608548498,5.251375561693365,-181.63872455750942,-181.51891009834878,-217.2865437750641,-144.90530176030092,21.959717071570868
2022-12-01,-46.881053635854144,-46.90762707203269,-55.54876441881806,-38.09693437462825,5.308047792148314,-180.88485797777983,-180.97079603562742,-216.59148343217336,-146.07008641931392,21.4953073777111
2023-01-01,-46.89914316776536,-46.902966023185826,-55.82829685709071,-38.02852218711165,5.3979713865078125,-181.19616908450246,-181.4598151052049,-217.5347115845163,-145.29214137975777,22.023895437463473
2023-02-01,-47.10181959718052,-47.094450294788494,-55.8677434014406,-38.33703433621063,5.289497194652431,-181.64359099081022,-181.54888968698614,-216.83304152730312,-146.41081208675672,21.376930230090604
2023-03-01,-47.229596241549004,-47.060511128855424,-55.79117658875443,-38.23638431920784,5.318597055230603,-180.5039002466233,-180.89030769734657,-216.75964593284687,-145.44507379323375,21.73676848447172
2023-04-01,-47.18105903388963,-47.15192165800093,-56.23754094235051,-38.38659734476969,5.3257773135009145,-181.44331772710493,-181.4881016441392,-216.05573117489908,-145.2836623057626,21.461870494121506
2023-05-01,-47.03798876795135,-47.08061971647468,-56.08671826173282,-38.17274216174016,5.389826387886783,-181.17779475801171,-181.45368012915122,-217.45030943818023,-145.5351013600751,21.6757888021545
2023-06-01,-47.10502007069661,-47.08079765959677,-55.895214311466496,-38.01650612685711,5.344706897616278,-180.84792939677195,-181.01317024554578,-215.65633484556483,-146.06120191036285,21.31790325907018
2023-07-01,-46.96262627077397,-46.97618229975236,-55.83237554335842,-38.3134281086214,5.335236538360122,-181.6891763590953,-181.4988211876253,-216.12874651930517,-146.25406286221417,21.49775525606483
2023-08-01,-47.003418155927335,-46.993357392427825,-55.849584462665675,-38.28818428970693,5.297731998241081,-181.76783597775136,-181.68166866240236,-217.44242716133724,-145.93437237915686,21.735509876875042
2023-09-01,-46.919139040141,-46.96523662310139,-55.7575163373414,-38.25198518814141,5.327338683038247,-181.1981766364487,-181.124867515472,-217.2613331358562,-145.58233194127249,21.695705356576266
2023-10-01,-47.101748512916814,-47.04393710612372,-55.7714380357619,-38.208957102974566,5.305173860225863,-181.22894931670575,-181.08161771513508,-216.2579506263384,-145.9339253423897,21.37002266471486
2023-11-01,-47.16927857581912,-47.107507473058966,-56.03780909118484,-38.12568205147045,5.419324181081457,-181.68520484812709,-182.07346455910815,-218.12048185103328,-145.37496118615982,22.1249161518203
2023-12-01,-47.032997511443554,-47.07044626919767,-55.86413773399433,-38.27367086959589,5.281827866830865,-181.0019324893093,-180.7324621391671,-216.66397825287928,-144.05753634521443,21.698388058162674
2024-01-01,-46.99319396338831,-46.934978159023615,-55.68035694323043,-38.06426443687812,5.318887684811102,-181.69581659842532,-181.4660174121981,-217.0511828783749,-145.07840646745694,21.70628117110253
2024-02-01,-46.98987809327656,-47.03676796686805,-56.02671216351264,-38.199878331978944,5.328892196831649,-181.33971062373104,-181.146910616512,-217.1966917529093,-145.6968442139527,21.49647023189961
2024-03-01,-47.00138384412399,-47.03058121091413,-55.81057269221347,-38.146119166762325,5.377465195977031,-181.85409363900985,-181.62223309437894,-217.5094108267508,-145.83490537979173,21.489881182433578
2024-04-01,-46.92624728443175,-46.975431934001975,-55.812564687485335,-38.26036347860079,5.365642408597764,-180.86322369309136,-181.31245929322327,-217.07076623657002,-146.05002227642206,21.555764062250052
2024-05-01,-46.945172276353034,-47.00552230338397,-56.06235986374184,-38.16153467620447,5.395998243349031,-181.73096368623754,-181.41258914406836,-217.43749409909998,-144.73888784535046,21.901430157223402
2024-06-01,-46.91509177853764,-46.911920185361836,-55.67676447529997,-38.38403507932974,5.2660914439182305,-180.9403266412421,-180.98843590112537,-217.38162276253956,-145.35970071875724,21.870682522393647
2024-07-01,-46.999472086493626,-46.97024596284608,-55.82730519125798,-38.29756464271319,5.3211382909121605,-181.39402642782147,-181.59726092838795,-217.34018377644412,-145.77399506176863,21.460780922464803
2024-08-01,-47.051359269684326,-47.056698175414034,-55.72790378997053,-38.418187224374954,5.2693016040608445,-181.27105684521803,-181.23282336975376,-217.50473141604874,-145.15830896918138,21.821377309809485
2024-09-01,-47.13281194826739,-47.0561763088533,-55.83723795746682,-38.306235205012975,5.311452386752625,-181.2733414619467,-181.3705982105825,-217.58589862431086,-146.3326123999503,21.84318896631213
2024-10-01,-46.95290398891798,-46.99429801030925,-55.80001233188754,-38.170600733679095,5.361167712979417,-181.24818250441442,-181.2434907323067,-216.16289908872355,-146.41416546286365,21.097743717740098
2024-11-01,-47.09648416779366,-47.1366711978981,-55.79455182386646,-38.304735432786956,5.320147620907511,-180.77749661012146,-181.13813439286568,-217.41314421003585,-146.2397949572369,21.295972294302747
2024-12-01,-46.95133816229358,-47.014921792852846,-55.71558200701676,-38.34949309525175,5.3066448699846385,-181.78244140000803,-181.33903359581544,-216.4819727847212,-145.37102604296012,21.668882629853254
2025-01-01,-47.031000016772396,-47.053949075700515,-55.855552612703185,-38.10960980418863,5.3722307292857545,-180.93605657336875,-180.82666799511088,-216.29110851558497,-145.14649703041636,21.615744261185526
2025-02-01,-47.077729643058916,-47.01310671370848,-55.77156978581457,-38.05952312984531,5.318021087390095,-180.76324460163738,-181.20223003736174,-216.27508378517388,-146.54426296188836,21.370170978210176
2025-03-01,-46.975919778017015,-46.952068387376634,-55.61491852152571,-38.00918670378201,5.289737104428349,-181.87574250534777,-181.57382559818276,-217.52033710483852,-146.41782257917953,21.772092016122123
2025-04-01,-46.993368691159716,-47.04509729715025,-55.740740094521,-38.580111850551795,5.236576057010385,-181.1389319005022,-181.35152842022188,-216.8332433680144,-145.4447562195567,21.66528724297304
2025-05-01,-46.94799317924926,-46.97788981827904,-55.817322164688264,-38.1919319617177,5.359677395615168,-181.55991373849807,-181.64513724920164,-217.54288462517826,-146.1123161676001,21.69057592975433
2025-06-01,-46.85877872470667,-46.91840771447744,-55.70523775479704,-38.12191232426543,5.3679013363005845,-181.69330509641748,-181.60519417824614,-216.9012934272473,-147.05424072623484,21.34412296719476
2025-07-01,-47.02100466078312,-46.97067797208025,-55.72853990926838,-38.194680668877076,5.319647143192819,-181.67308730554782,-181.46964052743334,-216.82144730638527,-145.8705452831397,21.322466344928802
2025-08-01,-47.09361746762567,-47.0112815023739,-55.81177874756536,-37.9555870017685,5.36406990590279,-181.19561758220902,-181.30050517734423,-216.7830741338439,-145.8620344593422,21.47785454463569
2025-09-01,-47.04723352303567,-47.077267532295146,-55.74196118352089,-38.140270045310395,5.313455712163052,-181.11386394240844,-181.38934773162794,-217.25296515677374,-146.26688425446494,21.41596961278719
2025-10-01,-46.97973776301684,-47.00891206056237,-55.89074261672818,-38.35761744471019,5.315551812702351,-181.26268598075325,-181.20615112681747,-216.99016863626233,-145.7504186500017,21.397759131381946
2025-11-01,-46.890097936148024,-46.86760593409864,-55.7140206323262,-38.03033710065787,5.359517236804918,-181.09614438279786,-181.06890835297824,-216.5194554711949,-144.66461102339926,21.813919149373987
2025-12-01,-46.896681488904335,-46.91357804138636,-55.75494534781139,-38.237121230467544,5.332032911342413,-181.3499562616327,-181.4740644997173,-215.9419269764382,-146.16297952235422,21.23907049259378
2026-01-01,-47.004656746070125,-47.07713039072879,-55.7836509035527,-38.21592961583293,5.267682535656541,-181.37632432260278,-181.33934098839862,-216.415928476311,-146.53830362155878,21.24156736359478
2026-02-01,-46.95746019380286,-46.98601512084303,-55.79828330900864,-38.18233895119594,5.378201250204897,-181.88174816463993,-181.52839437690452,-217.42896710388828,-145.24856358695732,22.00932152021057
2026-03-01,-47.00248420834415,-47.0297385785066,-56.14236954577927,-37.947944397437496,5.438833440007108,-181.25816279805613,-181.1694721360836,-216.28909966823025,-146.38092193065043,21.222807018707353
2026-04-01,-46.90610684972226,-46.99689930834965,-55.88167272053946,-38.04996705330306,5.356545579269372,-181.83915844365748,-181.5980019078352,-217.54215804197523,-145.01678121654876,21.70902085853604
2026-05-01,-47.06915656605777,-47.05969791206228,-55.617406613386706,-38.57532455895636,5.242623245107433,-181.5110710223268,-181.3096542799912,-215.63564049321508,-145.74882387716497,21.47125918171729
2026-06-01,-46.95227057893089,-46.95380240620789,-55.69410152164473,-38.228325145740435,5.339665607658859,-180.9945188724018,-181.06995563732417,-216.79364797906828,-146.0263094804813,21.664212849387027
2026-07-01,-47.0540524389599,-47.01636615926439,-56.157868611855406,-38.15383989552445,5.390847592116418,-181.29131384801403,-181.3896886631471,-217.0221748102938,-146.11191394020935,21.765575012763335
2026-08-01,-47.0475158287023,-47.06853599845668,-55.79698311330435,-38.105212861230655,5.376008794860269,-180.95214261396896,-180.9889599739056,-216.07619692042286,-145.56999433567037,21.51149688947075
2026-09-01,-47.0545249146843,-47.050893801814354,-55.88531481669234,-38.194462268891705,5.386518646359643,-181.02033586554006,-181.15010134074964,-216.99980128204126,-145.84739616670853,21.476582984478764
2026-10-01,-47.1305697972731,-47.08978899065159,-55.75397757788683,-38.2592562851869,5.3321732370066695,-181.67917057836763,-181.54696391645726,-216.94018439816264,-146.38782254126517,21.55585258997432
2026-11-01,-47.143080760605955,-47.117588283647294,-55.7847484695241,-38.40557839962398,5.23941741995639,-181.57708368242925,-181.61594787920768,-217.06847354975073,-146.20354049178138,21.615243185822234
2026-12-01,-47.19235655158204,-47.15592642387492,-55.897076922047695,-38.131207653108795,5.388299510674357,-181.46671523470252,-181.34619965826897,-216.7388885990613,-146.00584620973308,21.52424308844614
